Macpherson  Item #,Item Category,Mac  ID Reference,Description,UOM,Copic Item No/ UPC,Currency,Incremental MOQ
CMACD60,Accessory,CMACD60,AIR CAN D-60 FOR ABS,EA,4511338055106,USD,1
CMABS3,Accessory,CMABS3,COPIC AIRBRUSH STARTER SET 3,EA,4511338055199,USD,1
CMCOEC72,Accessory,CMCOEC72,COP/SKTH MRKR 72PC EMPTY CASE,EA,4511338059081,USD,1
CMCOEC12,Accessory,CMCOEC12,COP/SKTH MRKR 12PC EMPTY CASE,EA,4511338059050,USD,1
CMCOEC24,Accessory,CMCOEC24,COP/SKTH MRKR 24PC EMPTY CASE,EA,4511338059067,USD,1
CMCOEC36,Accessory,CMCOEC36,COP/SKTH MRKR 36PC EMPTY CASE,EA,4511338059074,USD,1
CMWALLET24-W,Accessory,CMWALLET24-W,WALLET EMPTY MRKR 24PC WHT,EA,4511338054604,USD,1
CMWALLET36-W,Accessory,CMWALLET36-W,WALLET EMPTY MRKR 36PC WHT,EA,4511338054611,USD,1
CMWALLET72-W,Accessory,CMWALLET72-W,WALLET EMPTY MRKR 72PC WHT,EA,4511338054628,USD,1
CMSKFINEN,Accessory,CMSKFINEN,FINE NIB SKETCH 3PK,EA,4511338054932,USD,20
CMCSCARDS,Accessory,CMCSCARDS,COLOR SWATCH CARDS,EA,4511338062722,USD,10
CMXTRABRDN,Accessory,CMXTRABRDN,EXTRA BROAD NIB PK/2,EA,4511338019740,USD,10
CMABS2,Accessory,CMABS2,COPIC AIRBRUSH STARTER SET 2,EA,4511338055182,USD,1
CMCAA,Accessory,CMCAA,COPIC AIR ADAPTER,EA,4511338010280,USD,1
CMBRUSHN,Accessory,CMBRUSHN,BRUSH NIB PK/3,EA,4511338010112,USD,20
CMMEDBRDN,Accessory,CMMEDBRDN,MED BROAD REPLACEMENT NIB 10PK,EA,4511338010082,USD,20
CMSKTCHEMPTY,Accessory,CMSKTCHEMPTY,SKETCH EMPTY MARKER,EA,4511338003718,USD,3
CMCOPICEMPTY,Accessory,CMCOPICEMPTY,COPIC MRKR EMPTY,EA,4511338002155,USD,3
CMSTDBRDN,Accessory,CMSTDBRDN,STANDARD BROAD NIB PK/10,EA,4511338010068,USD,20
CMSPRBRSHN,Accessory,CMSPRBRSHN,SUPER BRUSH NIB PKG/3,EA,4511338010129,USD,20
CMSTDFNN,Accessory,CMSTDFNN,STANDARD FINE NIB PK/10,EA,4511338010136,USD,20
CMTWEEZER,Accessory,CMTWEEZER,TWEEZER,EA,4511338010259,USD,15
CMCAG,Accessory,CMCAG,AIR BRUSH SYSTEM AIR GRIP,EA,4511338010273,USD,1
CMWIDEEMPTY,Accessory,CMWIDEEMPTY,MARKER WIDE EMPTY,EA,4511338019702,USD,3
CMSKBK0507,Accessory,CMSKBK0507,SKETCHBOOK S 5X7 30SH,EA,4511338055052,USD,1
CMSKBK0912,Accessory,CMSKBK0912,SKETCHBOOK L 9X12 30SH,EA,4511338055069,USD,1
CMSKETCHBOOK,Accessory,CMSKETCHBOOK,SKETCHBOOK SQ 4X4 30SH,EA,4511338055267,USD,1
CM0-I,Ciao Accessory,CM0-I,CIAO COLORLESS BLENDER,EA,4511338008225,USD,3
CMI6BRIGHTS,Ciao Set,CMI6BRIGHTS,CIAO MRKR 6PC SET 1 BRIGHTS,EA,4511338053607,USD,1
CMI6PRIMARY,Ciao Set,CMI6PRIMARY,CIAO MRKR 6PC SET 2 PRIMARY,EA,4511338053614,USD,1
CMI6PASTELS,Ciao Set,CMI6PASTELS,CIAO MRKR 6PC SET 3 PASTELS,EA,4511338053621,USD,1
CMI6SEA,Ciao Set,CMI6SEA,CIAO MRKR 6PC SET SEA,EA,4511338053645,USD,1
CMDKRAIN,Ciao Set,CMDKRAIN,COPIC DOODLE KIT RAINBOW,EA,4511338053904,USD,1
CMDKNATR,Ciao Set,CMDKNATR,COPIC DOODLE KIT NATURE,EA,4511338053911,USD,1
CMDKPPL,Ciao Set,CMDKPPL,COPIC DOODLE KIT PEOPLE,EA,4511338053928,USD,1
CMIILLUS12,Ciao Set,CMIILLUS12,CIAO MRKR 12PC ILLUSTRATN BNDL,EA,4511338055243,USD,1
CMI6PORT,Ciao Set,CMI6PORT,CIAO MRKR 6PC SET PORTRAIT,EA,4511338062951,USD,1
CMIB12V2,Ciao Set,CMIB12V2,CIAO MRKR 12PC BASIC SET V2,EA,4511338063224,USD,1
CMIB24V2,Ciao Set,CMIB24V2,CIAO MRKR 24PC BASIC SET V2,EA,4511338063231,USD,1
CMI36AV2,Ciao Set,CMI36AV2,CIAO MRKR 36PC SET A V2,EA,4511338063248,USD,1
CMI36BV2,Ciao Set,CMI36BV2,CIAO MRKR 36PC SET B V2,EA,4511338063255,USD,1
CMI36CV2,Ciao Set,CMI36CV2,CIAO MRKR 36PC SET C V2,EA,4511338063262,USD,1
CMI36DV2,Ciao Set,CMI36DV2,CIAO MRKR 36PC SET D V2,EA,4511338063279,USD,1
CMI36EV2,Ciao Set,CMI36EV2,CIAO MRKR 36PC SET E V2,EA,4511338063286,USD,1
CMI72AV2,Ciao Set,CMI72AV2,CIAO MRKR 72PC SET A V2,EA,4511338063293,USD,1
CMI72BV2,Ciao Set,CMI72BV2,CIAO MRKR 72PC SET B V2,EA,4511338063309,USD,1
CMISTARTER12,Ciao Set,CMISTARTER12,CIAO MRKR 12PC MY FIRST STARTR,EA,4511338063415,USD,1
CMCB12V2,Classic Set,CMCB12V2,CLASSIC MRKR 12PC BASIC SET,EA,4511338063316,USD,1
CMCNG12V2,Classic Set,CMCNG12V2,CLASSIC MRKR 12PC NEUTR GRY SE,EA,4511338063323,USD,1
CMCTG12V2,Classic Set,CMCTG12V2,CLASSIC MRKR 12PC TONER GRY SE,EA,4511338063330,USD,1
CMCCG12V2,Classic Set,CMCCG12V2,CLASSIC MRKR 12PC COOL GRY SET,EA,4511338063347,USD,1
CMCWG12V2,Classic Set,CMCWG12V2,CLASSIC MRKR 12PC WARM GRY SET,EA,4511338063354,USD,1
CMCB36V2,Classic Set,CMCB36V2,CLASSIC MRKR 36PC BASIC SET,EA,4511338063361,USD,1
CMC72AV2,Classic Set,CMC72AV2,CLASSIC MRKR 72PC SET A,EA,4511338063378,USD,1
CMC72BV2,Classic Set,CMC72BV2,CLASSIC MRKR 72PC SET B,EA,4511338063385,USD,1
CMC72CV2,Classic Set,CMC72CV2,CLASSIC MRKR 72PC SET C,EA,4511338063392,USD,1
N/A,Copic Acrea,N/A,Copic acrea 002 Rich Black,EA,4511338064054,USD,6
N/A,Copic Acrea,N/A,Copic acrea 001 Snow White,EA,4511338064061,USD,6
N/A,Copic Acrea,N/A,Copic acrea 003 Cool Gray,EA,4511338064078,USD,6
N/A,Copic Acrea,N/A,Copic acrea 004 Sepia,EA,4511338064085,USD,6
N/A,Copic Acrea,N/A,Copic acrea 005 Gold,EA,4511338064092,USD,6
N/A,Copic Acrea,N/A,Copic acrea 006 Silver,EA,4511338064108,USD,6
N/A,Copic Acrea,N/A,Copic acrea 008 Tomato Red,EA,4511338064115,USD,6
N/A,Copic Acrea,N/A,Copic acrea 007 Flamingo Pink,EA,4511338064122,USD,6
N/A,Copic Acrea,N/A,Copic acrea 009 Mandarin Orange,EA,4511338064139,USD,6
N/A,Copic Acrea,N/A,Copic acrea 010 Lemon Yellow,EA,4511338064146,USD,6
N/A,Copic Acrea,N/A,Copic acrea 012 Sky Blue,EA,4511338064153,USD,6
N/A,Copic Acrea,N/A,Copic acrea 011 Leaf Green,EA,4511338064160,USD,6
N/A,Copic Acrea,N/A,Copic acrea 016 Cream Yellow,EA,4511338064177,USD,6
N/A,Copic Acrea,N/A,Copic acrea 015 Custard Beige,EA,4511338064184,USD,6
N/A,Copic Acrea,N/A,Copic acrea 014 Coral Pink,EA,4511338064191,USD,6
N/A,Copic Acrea,N/A,Copic acrea 013 Lilac,EA,4511338064207,USD,6
N/A,Copic Acrea,N/A,Copic acrea 018 Turquoise Blue,EA,4511338064214,USD,6
N/A,Copic Acrea,N/A,Copic acrea 017 Apple Green,EA,4511338064221,USD,6
N/A,Copic Acrea,N/A,Copic acrea 021 Red Bean,EA,4511338064238,USD,6
N/A,Copic Acrea,N/A,Copic acrea 020 Dark Rose,EA,4511338064245,USD,6
N/A,Copic Acrea,N/A,Copic acrea 019 Pansy,EA,4511338064252,USD,6
N/A,Copic Acrea,N/A,Copic acrea 022 Mustard Yellow,EA,4511338064269,USD,6
N/A,Copic Acrea,N/A,Copic acrea 023 Peacock Green,EA,4511338064276,USD,6
N/A,Copic Acrea,N/A,Copic acrea 024 Indigo Blue,EA,4511338064283,USD,6
N/A,Copic Acrea Set,N/A,Copic Acrea ESSEN 6 PC SET,EA,4511338064658,USD,1
N/A,Copic Acrea Set,N/A,Copic Acrea VIVID 6PC SET,EA,4511338064665,USD,1
N/A,Copic Acrea Set,N/A,Copic Acrea LIGHT 6 PC SET,EA,4511338064672,USD,1
N/A,Copic Acrea Set,N/A,Copic Acrea DEEP 6 PC SET,EA,4511338064689,USD,1
CMBV00-I,Copic Ciao,CMBV00-I,CIAO MRKR MAUVE SHADOW,EA,4511338007525,USD,3
CMBV02-I,Copic Ciao,CMBV02-I,CIAO MRKR PRUNE,EA,4511338007532,USD,3
CMBV04-I,Copic Ciao,CMBV04-I,CIAO MRKR BLUEBERRY,EA,4511338007549,USD,3
CMBV08-I,Copic Ciao,CMBV08-I,CIAO MRKR BLUE VIOLET,EA,4511338007556,USD,3
CMV12-I,Copic Ciao,CMV12-I,CIAO MRKR PALE LILAC,EA,4511338007563,USD,3
CMV04-I,Copic Ciao,CMV04-I,CIAO MRKR LILAC,EA,4511338007570,USD,3
CMV17-I,Copic Ciao,CMV17-I,CIAO MRKR AMETHYST,EA,4511338007587,USD,3
CMV09-I,Copic Ciao,CMV09-I,CIAO MRKR VIOLET,EA,4511338007594,USD,3
CMRV10-I,Copic Ciao,CMRV10-I,CIAO MRKR PALE PINK,EA,4511338007600,USD,3
CMRV21-I,Copic Ciao,CMRV21-I,CIAO MRKR LIGHT PINK,EA,4511338007617,USD,3
CMRV02-I,Copic Ciao,CMRV02-I,CIAO MRKR SUGAR ALMOND PNK,EA,4511338007624,USD,3
CMRV42-I,Copic Ciao,CMRV42-I,CIAO MRKR SALMON PINK,EA,4511338007631,USD,3
CMRV23-I,Copic Ciao,CMRV23-I,CIAO MRKR PURE PINK,EA,4511338007648,USD,3
CMRV04-I,Copic Ciao,CMRV04-I,CIAO MRKR SHOCK  PINK,EA,4511338007655,USD,3
CMRV29-I,Copic Ciao,CMRV29-I,CIAO MRKR CRIMSON,EA,4511338007662,USD,3
CMR20-I,Copic Ciao,CMR20-I,CIAO MRKR BLUSH,EA,4511338007679,USD,3
CMR02-I,Copic Ciao,CMR02-I,CIAO MRKR ROSE SALMON,EA,4511338007686,USD,3
CMR32-I,Copic Ciao,CMR32-I,CIAO MRKR PEACH,EA,4511338007693,USD,3
CMR27-I,Copic Ciao,CMR27-I,CIAO MRKR CADMIUM RED,EA,4511338007709,USD,3
CMR29-I,Copic Ciao,CMR29-I,CIAO MRKR LIPSTICK RED,EA,4511338007716,USD,3
CMR59-I,Copic Ciao,CMR59-I,CIAO MRKR CARDINAL,EA,4511338007723,USD,3
CMYR02-I,Copic Ciao,CMYR02-I,CIAO MRKR LIGHT ORANGE,EA,4511338007730,USD,3
CMYR00-I,Copic Ciao,CMYR00-I,CIAO MRKR POWDER PINK,EA,4511338007747,USD,3
CMYR20-I,Copic Ciao,CMYR20-I,CIAO MRKR YELLOWISH SHADE,EA,4511338007754,USD,3
CMYR04-I,Copic Ciao,CMYR04-I,CIAO MRKR CHROME ORANGE,EA,4511338007761,USD,3
CMYR07-I,Copic Ciao,CMYR07-I,CIAO MRKR CADMIUM ORANGE,EA,4511338007778,USD,3
CMY00-I,Copic Ciao,CMY00-I,CIAO MRKR BARIUM YELLOW,EA,4511338007785,USD,3
CMY02-I,Copic Ciao,CMY02-I,CIAO MRKR CANARY YELLOW,EA,4511338007792,USD,3
CMY06-I,Copic Ciao,CMY06-I,CIAO MRKR YELLOW,EA,4511338007808,USD,3
CMY08-I,Copic Ciao,CMY08-I,CIAO MRKR ACID YELLOW,EA,4511338007815,USD,3
CMY17-I,Copic Ciao,CMY17-I,CIAO MRKR GOLDEN YELLOW,EA,4511338007822,USD,3
CMYG11-I,Copic Ciao,CMYG11-I,CIAO MRKR MIGNONETTE,EA,4511338007839,USD,3
CMYG41-I,Copic Ciao,CMYG41-I,CIAO MRKR PALE COBLT GREEN,EA,4511338007846,USD,3
CMYG03-I,Copic Ciao,CMYG03-I,CIAO MRKR YELLOW GREEN,EA,4511338007853,USD,3
CMYG06-I,Copic Ciao,CMYG06-I,CIAO MRKR YELLOWISH GREEN,EA,4511338007860,USD,3
CMYG67-I,Copic Ciao,CMYG67-I,CIAO MRKR MOSS,EA,4511338007877,USD,3
CMG00-I,Copic Ciao,CMG00-I,CIAO MRKR JADE GREEN,EA,4511338007884,USD,3
CMG02-I,Copic Ciao,CMG02-I,CIAO MRKR SPECTRUM GREEN,EA,4511338007891,USD,3
CMG21-I,Copic Ciao,CMG21-I,CIAO MRKR LIME GREEN,EA,4511338007907,USD,3
CMG05-I,Copic Ciao,CMG05-I,CIAO MRKR EMERALD GREEN,EA,4511338007914,USD,3
CMG17-I,Copic Ciao,CMG17-I,CIAO MRKR FOREST GREEN,EA,4511338007921,USD,3
CMG99-I,Copic Ciao,CMG99-I,CIAO MRKR OLIVE,EA,4511338007938,USD,3
CMBG01-I,Copic Ciao,CMBG01-I,CIAO MRKR AQUA BLUE,EA,4511338007945,USD,3
CMBG10-I,Copic Ciao,CMBG10-I,CIAO MRKR COOL SHADOW,EA,4511338007952,USD,3
CMBG23-I,Copic Ciao,CMBG23-I,CIAO MRKR CORAL SEA,EA,4511338007969,USD,3
CMBG15-I,Copic Ciao,CMBG15-I,CIAO MRKR AQUA,EA,4511338007976,USD,3
CMBG09-I,Copic Ciao,CMBG09-I,CIAO MRKR BLUE GREEN,EA,4511338007983,USD,3
CMBG93-I,Copic Ciao,CMBG93-I,CIAO MRKR GREEN GRAY,EA,4511338007990,USD,3
CMB00-I,Copic Ciao,CMB00-I,CIAO MRKR FROST BLUE,EA,4511338008003,USD,3
CMB32-I,Copic Ciao,CMB32-I,CIAO MRKR PALE BLUE,EA,4511338008010,USD,3
CMB24-I,Copic Ciao,CMB24-I,CIAO MRKR SKY,EA,4511338008027,USD,3
CMB05-I,Copic Ciao,CMB05-I,CIAO MRKR PROCESS BLUE,EA,4511338008034,USD,3
CMB23-I,Copic Ciao,CMB23-I,CIAO MRKR PHTHALO BLUE,EA,4511338008041,USD,3
CMB29-I,Copic Ciao,CMB29-I,CIAO MRKR ULTRA MARINE,EA,4511338008058,USD,3
CMB39-I,Copic Ciao,CMB39-I,CIAO MRKR PRUSSIAN BLUE,EA,4511338008065,USD,3
CME00-I,Copic Ciao,CME00-I,CIAO MRKR COTTON PEARL,EA,4511338008072,USD,3
CME02-I,Copic Ciao,CME02-I,CIAO MRKR FRUIT PINK,EA,4511338008089,USD,3
CME51-I,Copic Ciao,CME51-I,CIAO MRKR MILKY WHITE,EA,4511338008096,USD,3
CME21-I,Copic Ciao,CME21-I,CIAO MRKR SOFT SUN,EA,4511338008102,USD,3
CME33-I,Copic Ciao,CME33-I,CIAO MRKR SAND,EA,4511338008119,USD,3
CME35-I,Copic Ciao,CME35-I,CIAO MRKR CHAMOIS,EA,4511338008126,USD,3
CME04-I,Copic Ciao,CME04-I,CIAO MRKR LIPSTICK NATURAL,EA,4511338008133,USD,3
CME37-I,Copic Ciao,CME37-I,CIAO MRKR SEPIA,EA,4511338008140,USD,3
CME47-I,Copic Ciao,CME47-I,CIAO MRKR DARK BROWN,EA,4511338008157,USD,3
CME08-I,Copic Ciao,CME08-I,CIAO MRKR BROWN,EA,4511338008164,USD,3
CME29-I,Copic Ciao,CME29-I,CIAO MRKR BURNT UMBER,EA,4511338008171,USD,3
CMC1-I,Copic Ciao,CMC1-I,CIAO MRKR COOL GRAY NO. 1,EA,4511338008188,USD,3
CMC3-I,Copic Ciao,CMC3-I,CIAO MRKR COOL GRAY 3,EA,4511338008195,USD,3
CMC5-I,Copic Ciao,CMC5-I,CIAO MRKR COOL GRAY 5,EA,4511338008201,USD,3
CMC7-I,Copic Ciao,CMC7-I,CIAO MRKR COOL GRAY 7,EA,4511338008218,USD,3
CM100-I,Copic Ciao,CM100-I,CIAO MRKR BLACK,EA,4511338008232,USD,3
CMB02-I,Copic Ciao,CMB02-I,CIAO MRKR ROBINS EGG BLUE,EA,4511338010532,USD,3
CMB12-I,Copic Ciao,CMB12-I,CIAO MRKR ICE BLUE,EA,4511338010549,USD,3
CMB45-I,Copic Ciao,CMB45-I,CIAO MRKR SMOKY BLUE,EA,4511338010556,USD,3
CMB60-I,Copic Ciao,CMB60-I,CIAO MRKR PALE BLUE GRAY,EA,4511338010563,USD,3
CMB63-I,Copic Ciao,CMB63-I,CIAO MRKR LIGHT HYDRANGEA,EA,4511338010570,USD,3
CMB93-I,Copic Ciao,CMB93-I,CIAO MRKR LT CROCKERY BLUE,EA,4511338010587,USD,3
CMB95-I,Copic Ciao,CMB95-I,CIAO MRKR LT GRAYISH COBALT,EA,4511338010594,USD,3
CMB97-I,Copic Ciao,CMB97-I,CIAO MRKR NIGHT BLUE,EA,4511338010600,USD,3
CMBG05-I,Copic Ciao,CMBG05-I,CIAO MRKR HOLIDAY BLUE,EA,4511338010617,USD,3
CMBG34-I,Copic Ciao,CMBG34-I,CIAO MRKR HORIZON GREEN,EA,4511338010624,USD,3
CMBG49-I,Copic Ciao,CMBG49-I,CIAO MRKR DUCK BLUE,EA,4511338010631,USD,3
CMBG96-I,Copic Ciao,CMBG96-I,CIAO MRKR BUSH,EA,4511338010648,USD,3
CMBV13-I,Copic Ciao,CMBV13-I,CIAO MRKR HYDRANGEA BLUE,EA,4511338010655,USD,3
CMBV17-I,Copic Ciao,CMBV17-I,CIAO MRKR DEEP REDDISH BLUE,EA,4511338010662,USD,3
CMBV23-I,Copic Ciao,CMBV23-I,CIAO MRKR GRAYISH LAVENDER,EA,4511338010679,USD,3
CMBV29-I,Copic Ciao,CMBV29-I,CIAO MRKR SLATE,EA,4511338010686,USD,3
CMBV31-I,Copic Ciao,CMBV31-I,CIAO MRKR PALE LAVENDER,EA,4511338010693,USD,3
CME11-I,Copic Ciao,CME11-I,CIAO MRKR BARELEY BEIGE,EA,4511338010709,USD,3
CME31-I,Copic Ciao,CME31-I,CIAO MRKR BRICK BEIGE,EA,4511338010716,USD,3
CME43-I,Copic Ciao,CME43-I,CIAO MRKR DULL IVORY,EA,4511338010723,USD,3
CME49-I,Copic Ciao,CME49-I,CIAO MRKR DARK BARK,EA,4511338010730,USD,3
CME50-I,Copic Ciao,CME50-I,CIAO MRKR EGG SHELL,EA,4511338010747,USD,3
CME53-I,Copic Ciao,CME53-I,CIAO MRKR RAW SILK,EA,4511338010754,USD,3
CME57-I,Copic Ciao,CME57-I,CIAO MRKR LIGHT WALNUT,EA,4511338010761,USD,3
CME71-I,Copic Ciao,CME71-I,CIAO MRKR CHAMPAGNE,EA,4511338010778,USD,3
CME77-I,Copic Ciao,CME77-I,CIAO MRKR MAROON,EA,4511338010785,USD,3
CME93-I,Copic Ciao,CME93-I,CIAO MRKR TEA ROSE,EA,4511338010792,USD,3
CME95-I,Copic Ciao,CME95-I,CIAO MRKR TEA ORANGE,EA,4511338010808,USD,3
CMG000-I,Copic Ciao,CMG000-I,CIAO MRKR PALE GREEN,EA,4511338010815,USD,3
CMG07-I,Copic Ciao,CMG07-I,CIAO MRKR NILE GREEN,EA,4511338010822,USD,3
CMG14-I,Copic Ciao,CMG14-I,CIAO MRKR APPLE GREEN,EA,4511338010839,USD,3
CMG28-I,Copic Ciao,CMG28-I,CIAO MRKR OCEAN GREEN,EA,4511338010846,USD,3
CMG85-I,Copic Ciao,CMG85-I,CIAO MRKR VERDIGRIS,EA,4511338010853,USD,3
CMG94-I,Copic Ciao,CMG94-I,CIAO MRKR GRAYISH OLIVE,EA,4511338010860,USD,3
CMR00-I,Copic Ciao,CMR00-I,CIAO MRKR PINKISH WHITE,EA,4511338010877,USD,3
CMR05-I,Copic Ciao,CMR05-I,CIAO MRKR SALMON RED,EA,4511338010884,USD,3
CMR11-I,Copic Ciao,CMR11-I,CIAO MRKR PALE CHERRY PINK,EA,4511338010891,USD,3
CMR17-I,Copic Ciao,CMR17-I,CIAO MRKR LIPSTICK ORANGE,EA,4511338010907,USD,3
CMR22-I,Copic Ciao,CMR22-I,CIAO MRKR LIGHT PRAWN,EA,4511338010914,USD,3
CMR35-I,Copic Ciao,CMR35-I,CIAO MRKR CORAL,EA,4511338010921,USD,3
CMR37-I,Copic Ciao,CMR37-I,CIAO MRKR CARMINE,EA,4511338010938,USD,3
CMR46-I,Copic Ciao,CMR46-I,CIAO MRKR STRONG RED,EA,4511338010945,USD,3
CMR85-I,Copic Ciao,CMR85-I,CIAO MRKR ROSE RED,EA,4511338010952,USD,3
CMRV000-I,Copic Ciao,CMRV000-I,CIAO MRKR PALE PURPLE,EA,4511338010969,USD,3
CMRV06-I,Copic Ciao,CMRV06-I,CIAO MRKR CERISE,EA,4511338010976,USD,3
CMRV13-I,Copic Ciao,CMRV13-I,CIAO MRKR TENDER PINK,EA,4511338010983,USD,3
CMRV34-I,Copic Ciao,CMRV34-I,CIAO MRKR DARK PINK,EA,4511338010990,USD,3
CMRV95-I,Copic Ciao,CMRV95-I,CIAO MRKR BABY BLOSSOMS,EA,4511338011003,USD,3
CMV000-I,Copic Ciao,CMV000-I,CIAO MRKR PALE HEATH,EA,4511338011010,USD,3
CMV06-I,Copic Ciao,CMV06-I,CIAO MRKR LAVENDER,EA,4511338011027,USD,3
CMV15-I,Copic Ciao,CMV15-I,CIAO MRKR MALLOW,EA,4511338011034,USD,3
CMV91-I,Copic Ciao,CMV91-I,CIAO MRKR PALE GRAPE,EA,4511338011041,USD,3
CMV95-I,Copic Ciao,CMV95-I,CIAO MRKR LIGHT GRAPE,EA,4511338011058,USD,3
CMW1-I,Copic Ciao,CMW1-I,CIAO MRKR WARM GRAY 1,EA,4511338011065,USD,3
CMW3-I,Copic Ciao,CMW3-I,CIAO MRKR WARM GRAY 3,EA,4511338011072,USD,3
CMW5-I,Copic Ciao,CMW5-I,CIAO MRKR WARM GRAY 5,EA,4511338011089,USD,3
CMW7-I,Copic Ciao,CMW7-I,CIAO MRKR WARM GRAY 7,EA,4511338011096,USD,3
CMY11-I,Copic Ciao,CMY11-I,CIAO MRKR PALE YELLOW,EA,4511338011102,USD,3
CMY15-I,Copic Ciao,CMY15-I,CIAO MRKR CADMIUM YELLOW,EA,4511338011119,USD,3
CMY21-I,Copic Ciao,CMY21-I,CIAO MRKR BUTTERCUP YELLOW,EA,4511338011126,USD,3
CMY28-I,Copic Ciao,CMY28-I,CIAO MRKR LIONET GOLD,EA,4511338011133,USD,3
CMY38-I,Copic Ciao,CMY38-I,CIAO MRKR HONEY,EA,4511338011140,USD,3
CMYG00-I,Copic Ciao,CMYG00-I,CIAO MRKR MIMOSA YELLOW,EA,4511338011157,USD,3
CMYG23-I,Copic Ciao,CMYG23-I,CIAO MRKR NEW LEAF,EA,4511338011164,USD,3
CMYG63-I,Copic Ciao,CMYG63-I,CIAO MRKR PEA GREEN,EA,4511338011171,USD,3
CMYG91-I,Copic Ciao,CMYG91-I,CIAO MRKR PUTTY,EA,4511338011188,USD,3
CMYG95-I,Copic Ciao,CMYG95-I,CIAO MRKR PALE OLIVE,EA,4511338011195,USD,3
CMYR16-I,Copic Ciao,CMYR16-I,CIAO MRKR APRICOT,EA,4511338011201,USD,3
CMYR23-I,Copic Ciao,CMYR23-I,CIAO MRKR YELLOW OCHRE,EA,4511338011218,USD,3
CMYR31-I,Copic Ciao,CMYR31-I,CIAO MRKR LT REDDISH YELLOW,EA,4511338011225,USD,3
CMYR61-I,Copic Ciao,CMYR61-I,CIAO MRKR SPRING ORANGE,EA,4511338011232,USD,3
CMYR68-I,Copic Ciao,CMYR68-I,CIAO MRKR ORANGE,EA,4511338011249,USD,3
CMB000-I,Copic Ciao,CMB000-I,CIAO MRKR PALE PORCELAIN BLUE,EA,4511338051207,USD,3
CMB18-I,Copic Ciao,CMB18-I,CIAO MRKR LAPIS LAZULI,EA,4511338051214,USD,3
CMB28-I,Copic Ciao,CMB28-I,CIAO MRKR ROYAL BLUE,EA,4511338051221,USD,3
CMB99-I,Copic Ciao,CMB99-I,CIAO MRKR AGATE,EA,4511338051238,USD,3
CMBG000-I,Copic Ciao,CMBG000-I,CIAO MRKR PALE AQUA,EA,4511338051245,USD,3
CMBG13-I,Copic Ciao,CMBG13-I,CIAO MRKR MINT GREEN,EA,4511338051252,USD,3
CMBG72-I,Copic Ciao,CMBG72-I,CIAO MRKR ICE OCEAN,EA,4511338051269,USD,3
CMBV000-I,Copic Ciao,CMBV000-I,CIAO MRKR IRIDESCENT MAUVE,EA,4511338051276,USD,3
CMBV25-I,Copic Ciao,CMBV25-I,CIAO MRKR GRAYISH VIOLET,EA,4511338051283,USD,3
CMC0-I,Copic Ciao,CMC0-I,CIAO MRKR COOL GRAY C0,EA,4511338051290,USD,3
CMC2-I,Copic Ciao,CMC2-I,CIAO MRKR COOL GRAY C2,EA,4511338051306,USD,3
CME000-I,Copic Ciao,CME000-I,CIAO MRKR PALE FRUIT PINK,EA,4511338051313,USD,3
CME15-I,Copic Ciao,CME15-I,CIAO MRKR EARTHENWARE,EA,4511338051320,USD,3
CME18-I,Copic Ciao,CME18-I,CIAO MRKR COPPER,EA,4511338051337,USD,3
CME25-I,Copic Ciao,CME25-I,CIAO MRKR CARIBE COCOA,EA,4511338051344,USD,3
CME40-I,Copic Ciao,CME40-I,CIAO MRKR BRICK WHITE,EA,4511338051351,USD,3
CME41-I,Copic Ciao,CME41-I,CIAO MRKR PEARL WHITE,EA,4511338051368,USD,3
CME59-I,Copic Ciao,CME59-I,CIAO MRKR WALNUT,EA,4511338051375,USD,3
CME79-I,Copic Ciao,CME79-I,CIAO MRKR CASHEW,EA,4511338051382,USD,3
CMG29-I,Copic Ciao,CMG29-I,CIAO MRKR PINE TREE GREEN,EA,4511338051399,USD,3
CMG82-I,Copic Ciao,CMG82-I,CIAO MRKR SPRING DIM GREEN,EA,4511338051405,USD,3
CMR000-I,Copic Ciao,CMR000-I,CIAO MRKR CHERRY WHITE,EA,4511338051412,USD,3
CMR14-I,Copic Ciao,CMR14-I,CIAO MRKR LIGHT ROUGE,EA,4511338051429,USD,3
CMR81-I,Copic Ciao,CMR81-I,CIAO MRKR ROSE PINK,EA,4511338051436,USD,3
CMRV14-I,Copic Ciao,CMRV14-I,CIAO MRKR BEGONIA PINK,EA,4511338051443,USD,3
CMRV69-I,Copic Ciao,CMRV69-I,CIAO MRKR PEONY,EA,4511338051450,USD,3
CMV01-I,Copic Ciao,CMV01-I,CIAO MRKR HEATH,EA,4511338051467,USD,3
CMV05-I,Copic Ciao,CMV05-I,CIAO MRKR AZALEA,EA,4511338051474,USD,3
CMW0-I,Copic Ciao,CMW0-I,CIAO MRKR WARM GRAY W0,EA,4511338051481,USD,3
CMW2-I,Copic Ciao,CMW2-I,CIAO MRKR WARM GRAY W2,EA,4511338051498,USD,3
CMY000-I,Copic Ciao,CMY000-I,CIAO MRKR PALE LEMON,EA,4511338051504,USD,3
CMY35-I,Copic Ciao,CMY35-I,CIAO MRKR MAIZE,EA,4511338051511,USD,3
CMYG09-I,Copic Ciao,CMYG09-I,CIAO MRKR LETTUCE GREEN,EA,4511338051528,USD,3
CMYG17-I,Copic Ciao,CMYG17-I,CIAO MRKR GRASS GREEN,EA,4511338051535,USD,3
CMYR000-I,Copic Ciao,CMYR000-I,CIAO MRKR SILK,EA,4511338051542,USD,3
CMYR15-I,Copic Ciao,CMYR15-I,CIAO MRKR PUMPKIN YELLOW,EA,4511338051559,USD,3
CMC0-C,Copic Classic,CMC0-C,COPIC MRKR COOL GRAY,EA,4511338000014,USD,3
CMC1-C,Copic Classic,CMC1-C,COPIC MRKR COOL GRAY 1,EA,4511338000021,USD,3
CMC2-C,Copic Classic,CMC2-C,COPIC MRKR COOL GRAY 2,EA,4511338000038,USD,3
CMC3-C,Copic Classic,CMC3-C,COPIC MRKR COOL GRAY 3,EA,4511338000045,USD,3
CMC4-C,Copic Classic,CMC4-C,COPIC MRKR COOL GRAY 4,EA,4511338000052,USD,3
CMC5-C,Copic Classic,CMC5-C,COPIC MRKR COOL GRAY 5,EA,4511338000069,USD,3
CMC6-C,Copic Classic,CMC6-C,COPIC MRKR COOL GRAY 6,EA,4511338000076,USD,3
CMC7-C,Copic Classic,CMC7-C,COPIC MRKR COOL GRAY 7,EA,4511338000083,USD,3
CMC8-C,Copic Classic,CMC8-C,COPIC MRKR COOL GRAY 8,EA,4511338000090,USD,3
CMC9-C,Copic Classic,CMC9-C,COPIC MRKR COOL GRAY 9,EA,4511338000106,USD,3
CMC10-C,Copic Classic,CMC10-C,COPIC MRKR COOL GRAY 10,EA,4511338000113,USD,3
CMN0-C,Copic Classic,CMN0-C,COPIC MRKR NEUTRAL GRAY 0,EA,4511338000120,USD,3
CMN1-C,Copic Classic,CMN1-C,COPIC MRKR NEUTRAL GRAY 1,EA,4511338000137,USD,3
CMN2-C,Copic Classic,CMN2-C,COPIC MRKR NEUTRAL GRAY 2,EA,4511338000144,USD,3
CMN3-C,Copic Classic,CMN3-C,COPIC MRKR NEUTRAL GRAY 3,EA,4511338000151,USD,3
CMN4-C,Copic Classic,CMN4-C,COPIC MRKR NEUTRAL GRAY 4,EA,4511338000168,USD,3
CMN5-C,Copic Classic,CMN5-C,COPIC MRKR NEUTRAL GRAY 5,EA,4511338000175,USD,3
CMN6-C,Copic Classic,CMN6-C,COPIC MRKR NEUTRAL GRAY 6,EA,4511338000182,USD,3
CMN7-C,Copic Classic,CMN7-C,COPIC MRKR NEUTRAL GRAY 7,EA,4511338000199,USD,3
CMN8-C,Copic Classic,CMN8-C,COPIC MRKR NEUTRAL GRAY 8,EA,4511338000205,USD,3
CMN9-C,Copic Classic,CMN9-C,COPIC MRKR NEUTRAL GRAY 9,EA,4511338000212,USD,3
CMN10-C,Copic Classic,CMN10-C,COPIC MRKR NEUTRAL GRAY 10,EA,4511338000229,USD,3
CMT0-C,Copic Classic,CMT0-C,COPIC MRKR TONER GRAY 0,EA,4511338000236,USD,3
CMT1-C,Copic Classic,CMT1-C,COPIC MRKR TONER GRAY 1,EA,4511338000243,USD,3
CMT2-C,Copic Classic,CMT2-C,COPIC MRKR TONER GRAY 2,EA,4511338000250,USD,3
CMT3-C,Copic Classic,CMT3-C,COPIC MRKR TONER GRAY 3,EA,4511338000267,USD,3
CMT4-C,Copic Classic,CMT4-C,COPIC MRKR TONER GRAY 4,EA,4511338000274,USD,3
CMT5-C,Copic Classic,CMT5-C,COPIC MRKR TONER GRAY 5,EA,4511338000281,USD,3
CMT6-C,Copic Classic,CMT6-C,COPIC MRKR TONER GRAY 6,EA,4511338000298,USD,3
CMT7-C,Copic Classic,CMT7-C,COPIC MRKR TONER GRAY 7,EA,4511338000304,USD,3
CMT8-C,Copic Classic,CMT8-C,COPIC MRKR TONER GRAY 8,EA,4511338000311,USD,3
CMT9-C,Copic Classic,CMT9-C,COPIC MRKR TONER GRAY 9,EA,4511338000328,USD,3
CMT10-C,Copic Classic,CMT10-C,COPIC MRKR TONER GRAY 10,EA,4511338000335,USD,3
CMW0-C,Copic Classic,CMW0-C,COPIC MRKR WARM GRAY 0,EA,4511338000342,USD,3
CMW1-C,Copic Classic,CMW1-C,COPIC MRKR WARM GRAY 1,EA,4511338000359,USD,3
CMW2-C,Copic Classic,CMW2-C,COPIC MRKR WARM GRAY 2,EA,4511338000366,USD,3
CMW3-C,Copic Classic,CMW3-C,COPIC MRKR WARM GRAY 3,EA,4511338000373,USD,3
CMW4-C,Copic Classic,CMW4-C,COPIC MRKR WARM GRAY 4,EA,4511338000380,USD,3
CMW5-C,Copic Classic,CMW5-C,COPIC MRKR WARM GRAY 5,EA,4511338000397,USD,3
CMW6-C,Copic Classic,CMW6-C,COPIC MRKR WARM GRAY 6,EA,4511338000403,USD,3
CMW7-C,Copic Classic,CMW7-C,COPIC MRKR WARM GRAY 7,EA,4511338000410,USD,3
CMW8-C,Copic Classic,CMW8-C,COPIC MRKR WARM GRAY 8,EA,4511338000427,USD,3
CMW9-C,Copic Classic,CMW9-C,COPIC MRKR WARM GRAY 9,EA,4511338000434,USD,3
CMW10-C,Copic Classic,CMW10-C,COPIC MRKR WARM GRAY 10,EA,4511338000441,USD,3
CM0-C,Copic Classic,CM0-C,COPIC COLORLESS BLENDER,EA,4511338000458,USD,3
CM100-C,Copic Classic,CM100-C,COPIC MRKR BLACK,EA,4511338000465,USD,3
CM110-C,Copic Classic,CM110-C,COPIC MRKR SPECIAL BLACK,EA,4511338000472,USD,3
CMB00-C,Copic Classic,CMB00-C,COPIC MRKR FROST BLUE,EA,4511338000489,USD,3
CMB01-C,Copic Classic,CMB01-C,COPIC MRKR MINT BLUE,EA,4511338000496,USD,3
CMB02-C,Copic Classic,CMB02-C,COPIC MRKR ROBINS EGG BLUE,EA,4511338000502,USD,3
CMB04-C,Copic Classic,CMB04-C,COPIC MRKR TAHITIAN BLUE,EA,4511338000519,USD,3
CMB05-C,Copic Classic,CMB05-C,COPIC MRKR PROCESS BLUE,EA,4511338000526,USD,3
CMB06-C,Copic Classic,CMB06-C,COPIC MRKR PEACOOK BLUE,EA,4511338000533,USD,3
CMB12-C,Copic Classic,CMB12-C,COPIC MRKR ICE BLUE,EA,4511338000540,USD,3
CMB14-C,Copic Classic,CMB14-C,COPIC MRKR LIGHT BLUE,EA,4511338000557,USD,3
CMB16-C,Copic Classic,CMB16-C,COPIC MRKR CYANINE BLUE,EA,4511338000564,USD,3
CMB18-C,Copic Classic,CMB18-C,COPIC MRKR LAPIS LAZULI,EA,4511338000571,USD,3
CMB21-C,Copic Classic,CMB21-C,COPIC MRKR BABY BLUE,EA,4511338000588,USD,3
CMB23-C,Copic Classic,CMB23-C,COPIC MRKR PHTHALO BLUE,EA,4511338000595,USD,3
CMB24-C,Copic Classic,CMB24-C,COPIC MRKR SKY,EA,4511338000601,USD,3
CMB26-C,Copic Classic,CMB26-C,COPIC MRKR COBALT BLUE,EA,4511338000618,USD,3
CMB29-C,Copic Classic,CMB29-C,COPIC MRKR ULTRAMARINE,EA,4511338000625,USD,3
CMB32-C,Copic Classic,CMB32-C,COPIC MRKR PALE BLUE,EA,4511338000632,USD,3
CMB34-C,Copic Classic,CMB34-C,COPIC MRKR MANGANESE BLUE,EA,4511338000649,USD,3
CMB37-C,Copic Classic,CMB37-C,COPIC MRKR ANTWERP BLUE,EA,4511338000656,USD,3
CMB39-C,Copic Classic,CMB39-C,COPIC MRKR PRUSSIAN BLUE,EA,4511338000663,USD,3
CMB41-C,Copic Classic,CMB41-C,COPIC MRKR POWDER BLUE,EA,4511338000670,USD,3
CMB45-C,Copic Classic,CMB45-C,COPIC MRKR SMOKY BLUE,EA,4511338000687,USD,3
CMBG02-C,Copic Classic,CMBG02-C,COPIC MRKR NEW BLUE,EA,4511338000694,USD,3
CMBG05-C,Copic Classic,CMBG05-C,COPIC MRKR HOLIDAY BLUE,EA,4511338000700,USD,3
CMBG09-C,Copic Classic,CMBG09-C,COPIC MRKR BLUE GREEN,EA,4511338000717,USD,3
CMBG10-C,Copic Classic,CMBG10-C,COPIC MRKR COOL SHADOW,EA,4511338000724,USD,3
CMBG11-C,Copic Classic,CMBG11-C,COPIC MRKR MOON WHITE,EA,4511338000731,USD,3
CMBG13-C,Copic Classic,CMBG13-C,COPIC MRKR MINT GREEN,EA,4511338000748,USD,3
CMBG15-C,Copic Classic,CMBG15-C,COPIC MRKR AQUA,EA,4511338000755,USD,3
CMBG18-C,Copic Classic,CMBG18-C,COPIC MRKR TEAL BLUE,EA,4511338000762,USD,3
CMBG32-C,Copic Classic,CMBG32-C,COPIC MRKR AQUA MINT,EA,4511338000779,USD,3
CMBG34-C,Copic Classic,CMBG34-C,COPIC MRKR HORIZON GREEN,EA,4511338000786,USD,3
CMBG45-C,Copic Classic,CMBG45-C,COPIC MRKR NILE BLUE,EA,4511338000793,USD,3
CMBG49-C,Copic Classic,CMBG49-C,COPIC MRKR DUCK BLUE,EA,4511338000809,USD,3
CMBG99-C,Copic Classic,CMBG99-C,COPIC MRKR FLAGSTONE BLUE,EA,4511338000816,USD,3
CMBV00-C,Copic Classic,CMBV00-C,COPIC MRKR MAUVE SHADOW,EA,4511338000823,USD,3
CMBV04-C,Copic Classic,CMBV04-C,COPIC MRKR BLUE BERRY,EA,4511338000830,USD,3
CMBV08-C,Copic Classic,CMBV08-C,COPIC MRKR BLUE VIOLET,EA,4511338000847,USD,3
CMBV23-C,Copic Classic,CMBV23-C,COPIC MRKR GRAYISH LAVENDER,EA,4511338000854,USD,3
CMBV31-C,Copic Classic,CMBV31-C,COPIC MRKR PALE LAVENDER,EA,4511338000861,USD,3
CME00-C,Copic Classic,CME00-C,COPIC MRKR COTTON PEARL,EA,4511338000878,USD,3
CME02-C,Copic Classic,CME02-C,COPIC MRKR FRUIT PINK,EA,4511338000885,USD,3
CME04-C,Copic Classic,CME04-C,COPIC MRKR LIPSTICK NATURAL,EA,4511338000892,USD,3
CME07-C,Copic Classic,CME07-C,COPIC MRKR LIGHT MAHOGANY,EA,4511338000908,USD,3
CME09-C,Copic Classic,CME09-C,COPIC MRKR BURNT SIENNA,EA,4511338000915,USD,3
CME11-C,Copic Classic,CME11-C,COPIC MRKR BARELEY BEIGE,EA,4511338000922,USD,3
CME13-C,Copic Classic,CME13-C,COPIC MRKR DESERT SAND,EA,4511338000939,USD,3
CME15-C,Copic Classic,CME15-C,COPIC MRKR EARTHENWARE,EA,4511338000946,USD,3
CME19-C,Copic Classic,CME19-C,COPIC MRKR REDWOOD,EA,4511338000953,USD,3
CME21-C,Copic Classic,CME21-C,COPIC MRKR SOFT SUN,EA,4511338000960,USD,3
CME25-C,Copic Classic,CME25-C,COPIC MRKR CARIBE COCOA,EA,4511338000977,USD,3
CME27-C,Copic Classic,CME27-C,COPIC MRKR MILK CHOCOLATE,EA,4511338000984,USD,3
CME29-C,Copic Classic,CME29-C,COPIC MRKR BURNT UMBER,EA,4511338000991,USD,3
CME31-C,Copic Classic,CME31-C,COPIC MRKR BRICK BEIGE,EA,4511338001004,USD,3
CME33-C,Copic Classic,CME33-C,COPIC MRKR SAND,EA,4511338001011,USD,3
CME34-C,Copic Classic,CME34-C,COPIC MRKR TOAST,EA,4511338001028,USD,3
CME35-C,Copic Classic,CME35-C,COPIC MRKR CHAMOIS,EA,4511338001035,USD,3
CME37-C,Copic Classic,CME37-C,COPIC MRKR SEPIA,EA,4511338001042,USD,3
CME39-C,Copic Classic,CME39-C,COPIC MRKR LEATHER,EA,4511338001059,USD,3
CME40-C,Copic Classic,CME40-C,COPIC MRKR BRICK WHITE,EA,4511338001066,USD,3
CME41-C,Copic Classic,CME41-C,COPIC MRKR PEARL WHITE,EA,4511338001073,USD,3
CME43-C,Copic Classic,CME43-C,COPIC MRKR DULL IVORY,EA,4511338001080,USD,3
CME44-C,Copic Classic,CME44-C,COPIC MRKR CLAY,EA,4511338001097,USD,3
CME49-C,Copic Classic,CME49-C,COPIC MRKR DARK BARK,EA,4511338001103,USD,3
CME51-C,Copic Classic,CME51-C,COPIC MRKR MILKY WHITE,EA,4511338001110,USD,3
CME53-C,Copic Classic,CME53-C,COPIC MRKR RAW SILK,EA,4511338001127,USD,3
CME55-C,Copic Classic,CME55-C,COPIC MRKR LIGHT CARMEL,EA,4511338001134,USD,3
CME57-C,Copic Classic,CME57-C,COPIC MRKR LIGHT WALNUT,EA,4511338001141,USD,3
CME59-C,Copic Classic,CME59-C,COPIC MRKR WALNUT,EA,4511338001158,USD,3
CME77-C,Copic Classic,CME77-C,COPIC MRKR MAROON,EA,4511338001165,USD,3
CMG00-C,Copic Classic,CMG00-C,COPIC MRKR JADE GREEN,EA,4511338001172,USD,3
CMG02-C,Copic Classic,CMG02-C,COPIC MRKR SPECTRUM GREEN,EA,4511338001189,USD,3
CMG05-C,Copic Classic,CMG05-C,COPIC MRKR EMERALD GREEN,EA,4511338001196,USD,3
CMG07-C,Copic Classic,CMG07-C,COPIC MRKR NILE GREEN,EA,4511338001202,USD,3
CMG09-C,Copic Classic,CMG09-C,COPIC MRKR VERONESE GREEN,EA,4511338001219,USD,3
CMG12-C,Copic Classic,CMG12-C,COPIC MRKR SEA GREEN,EA,4511338001226,USD,3
CMG14-C,Copic Classic,CMG14-C,COPIC MRKR APPLE GREEN,EA,4511338001233,USD,3
CMG16-C,Copic Classic,CMG16-C,COPIC MRKR MALACHITE,EA,4511338001240,USD,3
CMG17-C,Copic Classic,CMG17-C,COPIC MRKR FOREST GREEN,EA,4511338001257,USD,3
CMG19-C,Copic Classic,CMG19-C,COPIC MRKR BRT PARROT GREEN,EA,4511338001264,USD,3
CMG20-C,Copic Classic,CMG20-C,COPIC MRKR WAX WHITE,EA,4511338001271,USD,3
CMG21-C,Copic Classic,CMG21-C,COPIC MRKR LIME GREEN,EA,4511338001288,USD,3
CMG24-C,Copic Classic,CMG24-C,COPIC MRKR WILLOW,EA,4511338001295,USD,3
CMG28-C,Copic Classic,CMG28-C,COPIC MRKR OCEAN GREEN,EA,4511338001301,USD,3
CMG29-C,Copic Classic,CMG29-C,COPIC MRKR PINE TREE GREEN,EA,4511338001318,USD,3
CMG40-C,Copic Classic,CMG40-C,COPIC MRKR DIM GREEN,EA,4511338001325,USD,3
CMG82-C,Copic Classic,CMG82-C,COPIC MRKR SPRING DIM GREEN,EA,4511338001332,USD,3
CMG85-C,Copic Classic,CMG85-C,COPIC MRKR VERDIGRIS,EA,4511338001349,USD,3
CMG99-C,Copic Classic,CMG99-C,COPIC MRKR OLIVE,EA,4511338001356,USD,3
CMR00-C,Copic Classic,CMR00-C,COPIC MRKR PINKISH WHITE,EA,4511338001363,USD,3
CMR02-C,Copic Classic,CMR02-C,COPIC MRKR ROSE SALMON,EA,4511338001370,USD,3
CMR05-C,Copic Classic,CMR05-C,COPIC MRKR SALMON RED,EA,4511338001387,USD,3
CMR08-C,Copic Classic,CMR08-C,COPIC MRKR VERMILION,EA,4511338001394,USD,3
CMR11-C,Copic Classic,CMR11-C,COPIC MRKR PALE CHERRY PINK,EA,4511338001400,USD,3
CMR17-C,Copic Classic,CMR17-C,COPIC MRKR LIPSTICK ORANGE,EA,4511338001417,USD,3
CMR20-C,Copic Classic,CMR20-C,COPIC MRKR BLUSH,EA,4511338001424,USD,3
CMR24-C,Copic Classic,CMR24-C,COPIC MRKR PRAWN,EA,4511338001431,USD,3
CMR27-C,Copic Classic,CMR27-C,COPIC MRKR CADMIUM RED,EA,4511338001448,USD,3
CMR29-C,Copic Classic,CMR29-C,COPIC MRKR LIPSTICK RED,EA,4511338001455,USD,3
CMR32-C,Copic Classic,CMR32-C,COPIC MRKR PEACH,EA,4511338001462,USD,3
CMR35-C,Copic Classic,CMR35-C,COPIC MRKR CORAL,EA,4511338001479,USD,3
CMR37-C,Copic Classic,CMR37-C,COPIC MRKR CARMINE,EA,4511338001486,USD,3
CMR39-C,Copic Classic,CMR39-C,COPIC MRKR GARNET,EA,4511338001493,USD,3
CMR59-C,Copic Classic,CMR59-C,COPIC MRKR CARDINAL,EA,4511338001509,USD,3
CMRV02-C,Copic Classic,CMRV02-C,COPIC MRKR SUGAR ALMOND PNK,EA,4511338001516,USD,3
CMRV04-C,Copic Classic,CMRV04-C,COPIC MRKR SHOCK PINK,EA,4511338001523,USD,3
CMRV06-C,Copic Classic,CMRV06-C,COPIC MRKR CERISE,EA,4511338001530,USD,3
CMRV09-C,Copic Classic,CMRV09-C,COPIC MRKR FUCHSIA,EA,4511338001547,USD,3
CMRV10-C,Copic Classic,CMRV10-C,COPIC MRKR PALE PINK,EA,4511338001554,USD,3
CMRV11-C,Copic Classic,CMRV11-C,COPIC MRKR PINK,EA,4511338001561,USD,3
CMRV13-C,Copic Classic,CMRV13-C,COPIC MRKR TENDER PINK,EA,4511338001578,USD,3
CMRV14-C,Copic Classic,CMRV14-C,COPIC MRKR BEGONIA PINK,EA,4511338001585,USD,3
CMRV17-C,Copic Classic,CMRV17-C,COPIC MRKR DEEP MAGENTA,EA,4511338001592,USD,3
CMRV19-C,Copic Classic,CMRV19-C,COPIC MRKR RED VIOLET,EA,4511338001608,USD,3
CMRV21-C,Copic Classic,CMRV21-C,COPIC MRKR LIGHT PINK,EA,4511338001615,USD,3
CMRV25-C,Copic Classic,CMRV25-C,COPIC MRKR DOG ROSE FLOWER,EA,4511338001622,USD,3
CMRV29-C,Copic Classic,CMRV29-C,COPIC MRKR CRIMSON,EA,4511338001639,USD,3
CMRV32-C,Copic Classic,CMRV32-C,COPIC MRKR SHADO PINK,EA,4511338001646,USD,3
CMRV34-C,Copic Classic,CMRV34-C,COPIC MRKR DARK PINK,EA,4511338001653,USD,3
CMV04-C,Copic Classic,CMV04-C,COPIC MRKR LILAC,EA,4511338001660,USD,3
CMV06-C,Copic Classic,CMV06-C,COPIC MRKR LAVENDER,EA,4511338001677,USD,3
CMV09-C,Copic Classic,CMV09-C,COPIC MRKR VIOLET,EA,4511338001684,USD,3
CMV12-C,Copic Classic,CMV12-C,COPIC MRKR PALE LILAC,EA,4511338001691,USD,3
CMV15-C,Copic Classic,CMV15-C,COPIC MRKR MALLOW,EA,4511338001707,USD,3
CMV17-C,Copic Classic,CMV17-C,COPIC MRKR AMETHYST,EA,4511338001714,USD,3
CMY00-C,Copic Classic,CMY00-C,COPIC MRKR BARIUM YELLOW,EA,4511338001721,USD,3
CMY02-C,Copic Classic,CMY02-C,COPIC MRKR CANARY YELLOW,EA,4511338001738,USD,3
CMY06-C,Copic Classic,CMY06-C,COPIC MRKR YELLOW,EA,4511338001745,USD,3
CMY08-C,Copic Classic,CMY08-C,COPIC MRKR ACID YELLOW,EA,4511338001752,USD,3
CMY11-C,Copic Classic,CMY11-C,COPIC MRKR PALE YELLOW,EA,4511338001769,USD,3
CMY13-C,Copic Classic,CMY13-C,COPIC MRKR LEMON YELLOW,EA,4511338001776,USD,3
CMY15-C,Copic Classic,CMY15-C,COPIC MRKR CADMIUM YELLOW,EA,4511338001783,USD,3
CMY17-C,Copic Classic,CMY17-C,COPIC MRKR GOLDEN YELLOW,EA,4511338001790,USD,3
CMY19-C,Copic Classic,CMY19-C,COPIC MRKR NAPOLI YELLOW,EA,4511338001806,USD,3
CMY21-C,Copic Classic,CMY21-C,COPIC MRKR BUTTERCUP YELLOW,EA,4511338001813,USD,3
CMY23-C,Copic Classic,CMY23-C,COPIC MRKR YELLOWISH BEIGE,EA,4511338001820,USD,3
CMY26-C,Copic Classic,CMY26-C,COPIC MRKR MUSTARD,EA,4511338001837,USD,3
CMY38-C,Copic Classic,CMY38-C,COPIC MRKR HONEY,EA,4511338001844,USD,3
CMYG01-C,Copic Classic,CMYG01-C,COPIC MRKR GREEN BICE,EA,4511338001851,USD,3
CMYG03-C,Copic Classic,CMYG03-C,COPIC MRKR YELLOW GREEN,EA,4511338001868,USD,3
CMYG05-C,Copic Classic,CMYG05-C,COPIC MRKR SALAD,EA,4511338001875,USD,3
CMYG07-C,Copic Classic,CMYG07-C,COPIC MRKR ACID GREEN,EA,4511338001882,USD,3
CMYG09-C,Copic Classic,CMYG09-C,COPIC MRKR LETTUCE GREEN,EA,4511338001899,USD,3
CMYG11-C,Copic Classic,CMYG11-C,COPIC MRKR MIGNONETTE,EA,4511338001905,USD,3
CMYG13-C,Copic Classic,CMYG13-C,COPIC MRKR CHARTREUSE,EA,4511338001912,USD,3
CMYG17-C,Copic Classic,CMYG17-C,COPIC MRKR GRASS GREEN,EA,4511338001929,USD,3
CMYG21-C,Copic Classic,CMYG21-C,COPIC MRKR ANISE,EA,4511338001936,USD,3
CMYG23-C,Copic Classic,CMYG23-C,COPIC MRKR NEW LEAF,EA,4511338001943,USD,3
CMYG25-C,Copic Classic,CMYG25-C,COPIC MRKR CELADON GREEN,EA,4511338001950,USD,3
CMYG41-C,Copic Classic,CMYG41-C,COPIC MRKR PALE COBLT GREEN,EA,4511338001967,USD,3
CMYG45-C,Copic Classic,CMYG45-C,COPIC MRKR COBALT GREEN,EA,4511338001974,USD,3
CMYG63-C,Copic Classic,CMYG63-C,COPIC MRKR PEA GREEN,EA,4511338001981,USD,3
CMYG67-C,Copic Classic,CMYG67-C,COPIC MRKR MOSS,EA,4511338001998,USD,3
CMYG91-C,Copic Classic,CMYG91-C,COPIC MRKR PUTTY,EA,4511338002001,USD,3
CMYG95-C,Copic Classic,CMYG95-C,COPIC MRKR PALE OLIVE,EA,4511338002018,USD,3
CMYG97-C,Copic Classic,CMYG97-C,COPIC MRKR SPANISH OLIVE,EA,4511338002025,USD,3
CMYG99-C,Copic Classic,CMYG99-C,COPIC MRKR MARINE GREEN,EA,4511338002032,USD,3
CMYR00-C,Copic Classic,CMYR00-C,COPIC MRKR POWDER PINK,EA,4511338002049,USD,3
CMYR02-C,Copic Classic,CMYR02-C,COPIC MRKR LIGHT ORANGE,EA,4511338002056,USD,3
CMYR04-C,Copic Classic,CMYR04-C,COPIC MRKR CHROME ORANGE,EA,4511338002063,USD,3
CMYR07-C,Copic Classic,CMYR07-C,COPIC MRKR CADMIUM ORANGE,EA,4511338002070,USD,3
CMYR09-C,Copic Classic,CMYR09-C,COPIC MRKR CHINESE ORANGE,EA,4511338002087,USD,3
CMYR14-C,Copic Classic,CMYR14-C,COPIC MRKR CARAMEL,EA,4511338002094,USD,3
CMYR16-C,Copic Classic,CMYR16-C,COPIC MRKR APRICOT,EA,4511338002100,USD,3
CMYR18-C,Copic Classic,CMYR18-C,COPIC MRKR SANGUINE,EA,4511338002117,USD,3
CMYR21-C,Copic Classic,CMYR21-C,COPIC MRKR CREAM,EA,4511338002124,USD,3
CMYR23-C,Copic Classic,CMYR23-C,COPIC MRKR YELLOW OCHRE,EA,4511338002131,USD,3
CMYR24-C,Copic Classic,CMYR24-C,COPIC MRKR PALE SEPIA,EA,4511338002148,USD,3
CMIN-C00,Copic Ink,CMIN-C00,INK 12ML C00 COOL GRAY,EA,4511338055311,USD,3
CMIN-C0,Copic Ink,CMIN-C0,INK 12ML C0 COOL GRAY 0,EA,4511338055328,USD,3
CMIN-C1,Copic Ink,CMIN-C1,INK 12ML C1 COOL GRAY 1,EA,4511338055335,USD,3
CMIN-C2,Copic Ink,CMIN-C2,INK 12ML C2 COOL GRAY 2,EA,4511338055342,USD,3
CMIN-C3,Copic Ink,CMIN-C3,INK 12ML C3 COOL GRAY 3,EA,4511338055359,USD,3
CMIN-C4,Copic Ink,CMIN-C4,INK 12ML C4 COOL GRAY 4,EA,4511338055366,USD,3
CMIN-C5,Copic Ink,CMIN-C5,INK 12ML C5 COOL GRAY 5,EA,4511338055373,USD,3
CMIN-C6,Copic Ink,CMIN-C6,INK 12ML C6 COOL GRAY 6,EA,4511338055380,USD,3
CMIN-C7,Copic Ink,CMIN-C7,INK 12ML C7 COOL GRAY 7,EA,4511338055397,USD,3
CMIN-C8,Copic Ink,CMIN-C8,INK 12ML C8 COOL GRAY 8,EA,4511338055403,USD,3
CMIN-C9,Copic Ink,CMIN-C9,INK 12ML C9 COOL GRAY 9,EA,4511338055410,USD,3
CMIN-C10,Copic Ink,CMIN-C10,INK 12ML C10 COOL GRAY 10,EA,4511338055427,USD,3
CMIN-N0,Copic Ink,CMIN-N0,INK 12ML N0 NEUTRAL GRAY 0,EA,4511338055434,USD,3
CMIN-N1,Copic Ink,CMIN-N1,INK 12ML N1 NEUTRAL GRAY 1,EA,4511338055441,USD,3
CMIN-N2,Copic Ink,CMIN-N2,INK 12ML N2 NEUTRAL GRAY 2,EA,4511338055458,USD,3
CMIN-N3,Copic Ink,CMIN-N3,INK 12ML N3 NEUTRAL GRAY 3,EA,4511338055465,USD,3
CMIN-N4,Copic Ink,CMIN-N4,INK 12ML N4 NEUTRAL GRAY 4,EA,4511338055472,USD,3
CMIN-N5,Copic Ink,CMIN-N5,INK 12ML N5 NEUTRAL GRAY 5,EA,4511338055489,USD,3
CMIN-N6,Copic Ink,CMIN-N6,INK 12ML N6 NEUTRAL GRAY 6,EA,4511338055496,USD,3
CMIN-N7,Copic Ink,CMIN-N7,INK 12ML N7 NEUTRAL GRAY 7,EA,4511338055502,USD,3
CMIN-N8,Copic Ink,CMIN-N8,INK 12ML N8 NEUTRAL GRAY 8,EA,4511338055519,USD,3
CMIN-N9,Copic Ink,CMIN-N9,INK 12ML N9 NEUTRAL GRAY 9,EA,4511338055526,USD,3
CMIN-N10,Copic Ink,CMIN-N10,INK 12ML N10 NUTRL GRAY 10,EA,4511338055533,USD,3
CMIN-T0,Copic Ink,CMIN-T0,INK 12ML T0 TONER GRAY 0,EA,4511338055540,USD,3
CMIN-T1,Copic Ink,CMIN-T1,INK 12ML T1 TONER GRAY 1,EA,4511338055557,USD,3
CMIN-T2,Copic Ink,CMIN-T2,INK 12ML T2 TONER GRAY 2,EA,4511338055564,USD,3
CMIN-T3,Copic Ink,CMIN-T3,INK 12ML T3 TONER GRAY 3,EA,4511338055571,USD,3
CMIN-T4,Copic Ink,CMIN-T4,INK 12ML T4 TONER GRAY 4,EA,4511338055588,USD,3
CMIN-T5,Copic Ink,CMIN-T5,INK 12ML T5 TONER GRAY 5,EA,4511338055595,USD,3
CMIN-T6,Copic Ink,CMIN-T6,INK 12ML T6 TONER GRAY 6,EA,4511338055601,USD,3
CMIN-T7,Copic Ink,CMIN-T7,INK 12ML T7 TONER GRAY 7,EA,4511338055618,USD,3
CMIN-T8,Copic Ink,CMIN-T8,INK 12ML T8 TONER GRAY 8,EA,4511338055625,USD,3
CMIN-T9,Copic Ink,CMIN-T9,INK 12ML T9 TONER GRAY 9,EA,4511338055632,USD,3
CMIN-T10,Copic Ink,CMIN-T10,INK 12ML T10 TONER GRAY 10,EA,4511338055649,USD,3
CMIN-W00,Copic Ink,CMIN-W00,INK 12ML W00 WARM GRAY 00,EA,4511338055656,USD,3
CMIN-W0,Copic Ink,CMIN-W0,INK 12ML W0 WARM GRAY 0,EA,4511338055663,USD,3
CMIN-W1,Copic Ink,CMIN-W1,INK 12ML W1 WARM GRAY 1,EA,4511338055670,USD,3
CMIN-W2,Copic Ink,CMIN-W2,INK 12ML W2 WARM GRAY 2,EA,4511338055687,USD,3
CMIN-W3,Copic Ink,CMIN-W3,INK 12ML W3 WARM GRAY 3,EA,4511338055694,USD,3
CMIN-W4,Copic Ink,CMIN-W4,INK 12ML W4 WARM GRAY 4,EA,4511338055700,USD,3
CMIN-W5,Copic Ink,CMIN-W5,INK 12ML W5 WARM GRAY 5,EA,4511338055717,USD,3
CMIN-W6,Copic Ink,CMIN-W6,INK 12ML W6 WARM GRAY 6,EA,4511338055724,USD,3
CMIN-W7,Copic Ink,CMIN-W7,INK 12ML W7 WARM GRAY 7,EA,4511338055731,USD,3
CMIN-W8,Copic Ink,CMIN-W8,INK 12ML W8 WARM GRAY 8,EA,4511338055748,USD,3
CMIN-W9,Copic Ink,CMIN-W9,INK 12ML W9 WARM GRAY 9,EA,4511338055755,USD,3
CMIN-W10,Copic Ink,CMIN-W10,INK 12ML W10 WARM GRAY 10,EA,4511338055762,USD,3
CMIN-0,Copic Ink,CMIN-0,INK 12ML 0 COLORLESS BLENDER,EA,4511338055779,USD,3
CMIN-100,Copic Ink,CMIN-100,INK 12ML 100 BLACK,EA,4511338055786,USD,3
CMIN-110,Copic Ink,CMIN-110,INK 12ML 110 SPECIAL BLACK,EA,4511338055793,USD,3
CMIN-B0000,Copic Ink,CMIN-B0000,INK 12ML B0000 PALE CELESTINE,EA,4511338055809,USD,3
CMIN-B000,Copic Ink,CMIN-B000,INK 12ML B000 PALE PORCELN BLU,EA,4511338055816,USD,3
CMIN-B00,Copic Ink,CMIN-B00,INK 12ML B00 FROST BLUE,EA,4511338055823,USD,3
CMIN-B01,Copic Ink,CMIN-B01,INK 12ML B01 MINT BLUE,EA,4511338055830,USD,3
CMIN-B02,Copic Ink,CMIN-B02,INK 12ML B02 ROBINS EGG BLUE,EA,4511338055847,USD,3
CMIN-B04,Copic Ink,CMIN-B04,INK 12ML B04 TAHITIAN BLUE,EA,4511338055854,USD,3
CMIN-B05,Copic Ink,CMIN-B05,INK 12ML B05 PROCESS BLUE,EA,4511338055861,USD,3
CMIN-B06,Copic Ink,CMIN-B06,INK 12ML B06 PEACOCK BLUE,EA,4511338055878,USD,3
CMIN-B12,Copic Ink,CMIN-B12,INK 12ML B12 ICE BLUE,EA,4511338055885,USD,3
CMIN-B14,Copic Ink,CMIN-B14,INK 12ML B14 LIGHT BLUE,EA,4511338055892,USD,3
CMIN-B16,Copic Ink,CMIN-B16,INK 12ML B16 CYANINE BLUE,EA,4511338055908,USD,3
CMIN-B18,Copic Ink,CMIN-B18,INK 12ML B18 LAPIS LAZULI,EA,4511338055915,USD,3
CMIN-B21,Copic Ink,CMIN-B21,INK 12ML B21 BABY BLUE,EA,4511338055922,USD,3
CMIN-B23,Copic Ink,CMIN-B23,INK 12ML B23 PHTHALO BLUE,EA,4511338055939,USD,3
CMIN-B24,Copic Ink,CMIN-B24,INK 12ML B24 SKY,EA,4511338055946,USD,3
CMIN-B26,Copic Ink,CMIN-B26,INK 12ML B26 COBALT BLUE,EA,4511338055953,USD,3
CMIN-B28,Copic Ink,CMIN-B28,INK 12ML B28 ROYAL BLUE,EA,4511338055960,USD,3
CMIN-B29,Copic Ink,CMIN-B29,INK 12ML B29 ULTRAMARINE,EA,4511338055977,USD,3
CMIN-B32,Copic Ink,CMIN-B32,INK 12ML B32 PALE BLUE,EA,4511338055984,USD,3
CMIN-B34,Copic Ink,CMIN-B34,INK 12ML B34 MANGANESE BLUE,EA,4511338055991,USD,3
CMIN-B37,Copic Ink,CMIN-B37,INK 12ML B37 ANTWERP BLUE,EA,4511338056004,USD,3
CMIN-B39,Copic Ink,CMIN-B39,INK 12ML B39 PRUSSIAN BLUE,EA,4511338056011,USD,3
CMIN-B41,Copic Ink,CMIN-B41,INK 12ML B41 POWDER BLUE,EA,4511338056028,USD,3
CMIN-B45,Copic Ink,CMIN-B45,INK 12ML B45 SMOKEY BLUE,EA,4511338056035,USD,3
CMIN-B52,Copic Ink,CMIN-B52,INK 12ML B52 SFT GRNISH BLUE,EA,4511338056042,USD,3
CMIN-B60,Copic Ink,CMIN-B60,INK 12ML B60 PALE BLUE GRAY,EA,4511338056059,USD,3
CMIN-B63,Copic Ink,CMIN-B63,INK 12ML B63 LIGHT HYDRANGEA,EA,4511338056066,USD,3
CMIN-B66,Copic Ink,CMIN-B66,INK 12ML B66 CLEMANTIS,EA,4511338056073,USD,3
CMIN-B69,Copic Ink,CMIN-B69,INK 12ML B69 STRATO BLUE,EA,4511338056080,USD,3
CMIN-B79,Copic Ink,CMIN-B79,INK 12ML B79 IRIS,EA,4511338056097,USD,3
CMIN-B91,Copic Ink,CMIN-B91,INK 12ML B91 PALE GRYISH BLU,EA,4511338056103,USD,3
CMIN-B93,Copic Ink,CMIN-B93,INK 12ML B93 LT CROCKERY BLU,EA,4511338056110,USD,3
CMIN-B95,Copic Ink,CMIN-B95,INK 12ML B95 LT GRAYISH COBA,EA,4511338056127,USD,3
CMIN-B97,Copic Ink,CMIN-B97,INK 12ML B97 NIGHT BLUE,EA,4511338056134,USD,3
CMIN-B99,Copic Ink,CMIN-B99,INK 12ML B99 AGATE,EA,4511338056141,USD,3
CMIN-BG0000,Copic Ink,CMIN-BG0000,INK 12ML BG0000 SNOW GREEN,EA,4511338056158,USD,3
CMIN-BG000,Copic Ink,CMIN-BG000,INK 12ML BG000 PALE AQUA,EA,4511338056165,USD,3
CMIN-BG01,Copic Ink,CMIN-BG01,INK 12ML BG01 AQUA BLUE,EA,4511338056172,USD,3
CMIN-BG02,Copic Ink,CMIN-BG02,INK 12ML BG02 NEW BLUE,EA,4511338056189,USD,3
CMIN-BG05,Copic Ink,CMIN-BG05,INK 12ML BG05 HOLIDAY BLUE,EA,4511338056196,USD,3
CMIN-BG07,Copic Ink,CMIN-BG07,INK 12ML BG07 PETROLEUM BLUE,EA,4511338056202,USD,3
CMIN-BG09,Copic Ink,CMIN-BG09,INK 12ML BG09 BLUE GREEN,EA,4511338056219,USD,3
CMIN-BG10,Copic Ink,CMIN-BG10,INK 12ML BG10 COOL SHADOW,EA,4511338056226,USD,3
CMIN-BG11,Copic Ink,CMIN-BG11,INK 12ML BG11 MOON WHITE,EA,4511338056233,USD,3
CMIN-BG13,Copic Ink,CMIN-BG13,INK 12ML BG13 MINT GREEN,EA,4511338056240,USD,3
CMIN-BG15,Copic Ink,CMIN-BG15,INK 12ML BG15 AQUA,EA,4511338056257,USD,3
CMIN-BG18,Copic Ink,CMIN-BG18,INK 12ML BG18 TEAL BLUE,EA,4511338056264,USD,3
CMIN-BG23,Copic Ink,CMIN-BG23,INK 12ML BG23 CORAL SEA,EA,4511338056271,USD,3
CMIN-BG32,Copic Ink,CMIN-BG32,INK 12ML BG32 AQUA MINT,EA,4511338056288,USD,3
CMIN-BG34,Copic Ink,CMIN-BG34,INK 12ML BG34 HORIZON GREEN,EA,4511338056295,USD,3
CMIN-BG45,Copic Ink,CMIN-BG45,INK 12ML BG45 NILE BLUE,EA,4511338056301,USD,3
CMIN-BG49,Copic Ink,CMIN-BG49,INK 12ML BG49 DUCK BLUE,EA,4511338056318,USD,3
CMIN-BG53,Copic Ink,CMIN-BG53,INK 12ML BG53 ICE MINT,EA,4511338056325,USD,3
CMIN-BG57,Copic Ink,CMIN-BG57,INK 12ML BG57 JASPER,EA,4511338056332,USD,3
CMIN-BG70,Copic Ink,CMIN-BG70,INK 12ML BG70 OCEAN MIST,EA,4511338056349,USD,3
CMIN-BG72,Copic Ink,CMIN-BG72,INK 12ML BG72 ICE OCEAN,EA,4511338056356,USD,3
CMIN-BG75,Copic Ink,CMIN-BG75,INK 12ML BG75 ABYSS GREEN,EA,4511338056363,USD,3
CMIN-BG78,Copic Ink,CMIN-BG78,INK 12ML BG78 BRONZE,EA,4511338056370,USD,3
CMIN-BG90,Copic Ink,CMIN-BG90,INK 12ML BG90 BG90 GRAY SKY,EA,4511338056387,USD,3
CMIN-BG93,Copic Ink,CMIN-BG93,INK 12ML BG93 GREEN GRAY,EA,4511338056394,USD,3
CMIN-BG96,Copic Ink,CMIN-BG96,INK 12ML BG96 BUSH,EA,4511338056400,USD,3
CMIN-BG99,Copic Ink,CMIN-BG99,INK 12ML BG99 FLAGSTONE BLUE,EA,4511338056417,USD,3
CMIN-BV0000,Copic Ink,CMIN-BV0000,INK 12ML BV0000 PALE THISTLE,EA,4511338056424,USD,3
CMIN-BV000,Copic Ink,CMIN-BV000,INK 12ML BV000 IRID MAUVE,EA,4511338056431,USD,3
CMIN-BV00,Copic Ink,CMIN-BV00,INK 12ML BV00 MAUVE SHADOW,EA,4511338056448,USD,3
CMIN-BV01,Copic Ink,CMIN-BV01,INK 12ML BV01 VIOLA,EA,4511338056455,USD,3
CMIN-BV02,Copic Ink,CMIN-BV02,INK 12ML BV02 PRUNE,EA,4511338056462,USD,3
CMIN-BV04,Copic Ink,CMIN-BV04,INK 12ML BV04 BLUE BERRY,EA,4511338056479,USD,3
CMIN-BV08,Copic Ink,CMIN-BV08,INK 12ML BV08 BLUE VIOLET,EA,4511338056486,USD,3
CMIN-BV11,Copic Ink,CMIN-BV11,INK 12ML BV11 SOFT VIOLET,EA,4511338056493,USD,3
CMIN-BV13,Copic Ink,CMIN-BV13,INK 12ML BV13 HYDRANGEA BLUE,EA,4511338056509,USD,3
CMIN-BV17,Copic Ink,CMIN-BV17,INK 12ML BV17 DEEP REDDISH BLU,EA,4511338056516,USD,3
CMIN-BV20,Copic Ink,CMIN-BV20,INK 12ML BV20 DULL LAVENDER,EA,4511338056523,USD,3
CMIN-BV23,Copic Ink,CMIN-BV23,INK 12ML BV23 GRAYISH LAVENDR,EA,4511338056530,USD,3
CMIN-BV25,Copic Ink,CMIN-BV25,INK 12ML BV25 GRAYISH VIOLET,EA,4511338056547,USD,3
CMIN-BV29,Copic Ink,CMIN-BV29,INK 12ML BV29 SLATE,EA,4511338056554,USD,3
CMIN-BV31,Copic Ink,CMIN-BV31,INK 12ML BV31 PALE LAVENDER,EA,4511338056561,USD,3
CMIN-BV34,Copic Ink,CMIN-BV34,INK 12ML BV34 BLUEBELL,EA,4511338056578,USD,3
CMIN-E0000,Copic Ink,CMIN-E0000,INK 12ML E0000 FLORAL WHITE,EA,4511338056585,USD,3
CMIN-E000,Copic Ink,CMIN-E000,INK 12ML E000 PALE FRUIT PINK,EA,4511338056592,USD,3
CMIN-E00,Copic Ink,CMIN-E00,INK 12ML E00 COTTON PEARL,EA,4511338056608,USD,3
CMIN-E01,Copic Ink,CMIN-E01,INK 12ML E01 PINK FLAMINGO,EA,4511338056615,USD,3
CMIN-E02,Copic Ink,CMIN-E02,INK 12ML E02 FRUIT PINK,EA,4511338056622,USD,3
CMIN-E04,Copic Ink,CMIN-E04,INK 12ML E04 LIPSTICK NATRAL,EA,4511338056639,USD,3
CMIN-E07,Copic Ink,CMIN-E07,INK 12ML E07 LIGHT MAHOGANY,EA,4511338056646,USD,3
CMIN-E08,Copic Ink,CMIN-E08,INK 12ML E08 BROWN,EA,4511338056653,USD,3
CMIN-E09,Copic Ink,CMIN-E09,INK 12ML E09 BURNT SIENNA,EA,4511338056660,USD,3
CMIN-E11,Copic Ink,CMIN-E11,INK 12ML E11 BARELEY BEIGE,EA,4511338056677,USD,3
CMIN-E13,Copic Ink,CMIN-E13,INK 12ML E13 DESERT SAND,EA,4511338056684,USD,3
CMIN-E15,Copic Ink,CMIN-E15,INK 12 ML E15 EARTHENWARE,EA,4511338056691,USD,3
CMIN-E17,Copic Ink,CMIN-E17,INK 12ML E17 REDDISH BRASS,EA,4511338056707,USD,3
CMIN-E18,Copic Ink,CMIN-E18,INK 12ML E18 COPPER,EA,4511338056714,USD,3
CMIN-E19,Copic Ink,CMIN-E19,INK 12ML E19 REDWOOD,EA,4511338056721,USD,3
CMIN-E21,Copic Ink,CMIN-E21,INK 12ML E21 SOFT SUN,EA,4511338056738,USD,3
CMIN-E23,Copic Ink,CMIN-E23,INK 12ML E23 HAZELNUT,EA,4511338056745,USD,3
CMIN-E25,Copic Ink,CMIN-E25,INK 12ML E25 CARIBE COCOA,EA,4511338056752,USD,3
CMIN-E27,Copic Ink,CMIN-E27,INK 12ML E27 MILK CHOCOLATE,EA,4511338056769,USD,3
CMIN-E29,Copic Ink,CMIN-E29,INK 12ML E29 BURNT UMBER,EA,4511338056776,USD,3
CMIN-E30,Copic Ink,CMIN-E30,INK 12ML E30 BISQUE,EA,4511338056783,USD,3
CMIN-E31,Copic Ink,CMIN-E31,INK 12ML E31 BRICK BEIGE,EA,4511338056790,USD,3
CMIN-E33,Copic Ink,CMIN-E33,INK 12ML E33 SAND,EA,4511338056806,USD,3
CMIN-E34,Copic Ink,CMIN-E34,INK 12ML E34 TOAST,EA,4511338056813,USD,3
CMIN-E35,Copic Ink,CMIN-E35,INK 12ML E35 CHAMOIS,EA,4511338056820,USD,3
CMIN-E37,Copic Ink,CMIN-E37,INK 12ML E37 SEPIA,EA,4511338056837,USD,3
CMIN-E39,Copic Ink,CMIN-E39,INK 12ML E39 LEATHER,EA,4511338056844,USD,3
CMIN-E40,Copic Ink,CMIN-E40,INK 12ML E40 BRICK WHITE,EA,4511338056851,USD,3
CMIN-E41,Copic Ink,CMIN-E41,INK 12ML E41 PEARL WHITE,EA,4511338056868,USD,3
CMIN-E42,Copic Ink,CMIN-E42,INK 12ML E42 SND WHT,EA,4511338056875,USD,3
CMIN-E43,Copic Ink,CMIN-E43,INK 12ML E43 DULL IVORY,EA,4511338056882,USD,3
CMIN-E44,Copic Ink,CMIN-E44,INK 12ML E44 CLAY,EA,4511338056899,USD,3
CMIN-E47,Copic Ink,CMIN-E47,INK 12ML E47 DARK BROWN,EA,4511338056905,USD,3
CMIN-E49,Copic Ink,CMIN-E49,INK 12ML E49 DARK BARK,EA,4511338056912,USD,3
CMIN-E50,Copic Ink,CMIN-E50,INK 12ML E50 EGG SHELL,EA,4511338056929,USD,3
CMIN-E51,Copic Ink,CMIN-E51,INK 12ML E51 MILKY WHITE,EA,4511338056936,USD,3
CMIN-E53,Copic Ink,CMIN-E53,INK 12ML E53 RAW SILK,EA,4511338056943,USD,3
CMIN-E55,Copic Ink,CMIN-E55,INK 12ML E55 LIGHT CARMEL,EA,4511338056950,USD,3
CMIN-E57,Copic Ink,CMIN-E57,INK 12ML E57 LIGHT WALNUT,EA,4511338056967,USD,3
CMIN-E59,Copic Ink,CMIN-E59,INK 12ML E59 WALNUT,EA,4511338056974,USD,3
CMIN-E70,Copic Ink,CMIN-E70,INK 12ML E70 ASH R0SE,EA,4511338056981,USD,3
CMIN-E71,Copic Ink,CMIN-E71,INK 12ML E71 CHAMPAGNE,EA,4511338056998,USD,3
CMIN-E74,Copic Ink,CMIN-E74,INK 12ML E74 COCOA BROWN,EA,4511338057001,USD,3
CMIN-E77,Copic Ink,CMIN-E77,INK 12ML E77 MAROON,EA,4511338057018,USD,3
CMIN-E79,Copic Ink,CMIN-E79,INK 12ML E79 CASHEW,EA,4511338057025,USD,3
CMIN-E81,Copic Ink,CMIN-E81,INK 12ML E81 IVORY,EA,4511338057032,USD,3
CMIN-E84,Copic Ink,CMIN-E84,INK 12ML E84 KHAKI,EA,4511338057049,USD,3
CMIN-E87,Copic Ink,CMIN-E87,INK 12ML E87 FIG,EA,4511338057056,USD,3
CMIN-E89,Copic Ink,CMIN-E89,INK 12ML E89 PECAN,EA,4511338057063,USD,3
CMIN-E93,Copic Ink,CMIN-E93,INK 12ML E93 TEA ROSE,EA,4511338057070,USD,3
CMIN-E95,Copic Ink,CMIN-E95,INK 12ML E95 TEA ORANGE,EA,4511338057087,USD,3
CMIN-E97,Copic Ink,CMIN-E97,INK 12ML E97 DEEP ORANGE,EA,4511338057094,USD,3
CMIN-E99,Copic Ink,CMIN-E99,INK 12ML E99 BAKED CLAY,EA,4511338057100,USD,3
CMIN-G0000,Copic Ink,CMIN-G0000,INK 12ML G0000 CRYSTAL OPAL,EA,4511338057117,USD,3
CMIN-G000,Copic Ink,CMIN-G000,INK 12ML G000 PALE GREEN,EA,4511338057124,USD,3
CMIN-G00,Copic Ink,CMIN-G00,INK 12ML G00 JADE GREEN,EA,4511338057131,USD,3
CMIN-G02,Copic Ink,CMIN-G02,INK 12ML G02 SPECTRUM GREEN,EA,4511338057148,USD,3
CMIN-G03,Copic Ink,CMIN-G03,INK 12ML G03 MDW GREEN,EA,4511338057155,USD,3
CMIN-G05,Copic Ink,CMIN-G05,INK 12ML G05 EMERALD GREEN,EA,4511338057162,USD,3
CMIN-G07,Copic Ink,CMIN-G07,INK 12ML G07 NILE GREEN,EA,4511338057179,USD,3
CMIN-G09,Copic Ink,CMIN-G09,INK 12ML G09 VERONESE GREEN,EA,4511338057186,USD,3
CMIN-G12,Copic Ink,CMIN-G12,INK 12ML G12 SEA GREEN,EA,4511338057193,USD,3
CMIN-G14,Copic Ink,CMIN-G14,INK 12ML G14 APPLE GREEN,EA,4511338057209,USD,3
CMIN-G16,Copic Ink,CMIN-G16,INK 12ML G16 MALACHITE,EA,4511338057216,USD,3
CMIN-G17,Copic Ink,CMIN-G17,INK 12ML G17 FOREST GREEN,EA,4511338057223,USD,3
CMIN-G19,Copic Ink,CMIN-G19,INK 12ML G19 BRT PARROT GREE,EA,4511338057230,USD,3
CMIN-G20,Copic Ink,CMIN-G20,INK 12ML G20 WAX WHITE,EA,4511338057247,USD,3
CMIN-G21,Copic Ink,CMIN-G21,INK 12ML G21 LIME GREEN,EA,4511338057254,USD,3
CMIN-G24,Copic Ink,CMIN-G24,INK 12ML G24 WILLOW,EA,4511338057261,USD,3
CMIN-G28,Copic Ink,CMIN-G28,INK 12ML G28 OCEAN GREEN,EA,4511338057278,USD,3
CMIN-G29,Copic Ink,CMIN-G29,INK 12ML G29 PINE TREE GREEN,EA,4511338057285,USD,3
CMIN-G40,Copic Ink,CMIN-G40,INK 12ML G40 DIM GREEN,EA,4511338057292,USD,3
CMIN-G43,Copic Ink,CMIN-G43,INK 12ML G43 PISTACHIO,EA,4511338057308,USD,3
CMIN-G46,Copic Ink,CMIN-G46,INK 12ML G46 MISTLETOE,EA,4511338057315,USD,3
CMIN-G82,Copic Ink,CMIN-G82,INK 12ML G82 SPRING DIM GRN,EA,4511338057322,USD,3
CMIN-G85,Copic Ink,CMIN-G85,INK 12ML G85 VERDIGRIS,EA,4511338057339,USD,3
CMIN-G94,Copic Ink,CMIN-G94,INK 12ML G94 GRAYISH OLIVE,EA,4511338057346,USD,3
CMIN-G99,Copic Ink,CMIN-G99,INK 12ML G99 OLIVE,EA,4511338057353,USD,3
CMIN-R0000,Copic Ink,CMIN-R0000,INK 12ML R0000 PINK BERYL,EA,4511338057360,USD,3
CMIN-R000,Copic Ink,CMIN-R000,INK 12ML R000 CHERRY WHITE,EA,4511338057377,USD,3
CMIN-R00,Copic Ink,CMIN-R00,INK 12ML R00 PINKISH WHITE,EA,4511338057384,USD,3
CMIN-R01,Copic Ink,CMIN-R01,INK 12ML R01 PNK VANILLA,EA,4511338057391,USD,3
CMIN-R02,Copic Ink,CMIN-R02,INK 12ML R02 ROSE SALMON,EA,4511338057407,USD,3
CMIN-R05,Copic Ink,CMIN-R05,INK 12ML R05 SALMON RED,EA,4511338057414,USD,3
CMIN-R08,Copic Ink,CMIN-R08,INK 12ML R08 VERMILLION,EA,4511338057421,USD,3
CMIN-R11,Copic Ink,CMIN-R11,INK 12ML R11 PALE CHERRY PNK,EA,4511338057438,USD,3
CMIN-R12,Copic Ink,CMIN-R12,INK 12ML R12 LIGHT TEA ROSE,EA,4511338057445,USD,3
CMIN-R14,Copic Ink,CMIN-R14,INK 12ML R14 LIGHT ROUGE,EA,4511338057452,USD,3
CMIN-R17,Copic Ink,CMIN-R17,INK 12ML R17 LIPSTICK ORANGE,EA,4511338057469,USD,3
CMIN-R20,Copic Ink,CMIN-R20,INK 12ML R20 BLUSH,EA,4511338057476,USD,3
CMIN-R21,Copic Ink,CMIN-R21,INK 12ML R21 SARDONYX,EA,4511338057483,USD,3
CMIN-R22,Copic Ink,CMIN-R22,INK 12ML R22 LIGHT PRAWN,EA,4511338057490,USD,3
CMIN-R24,Copic Ink,CMIN-R24,INK 12ML R24 PRAWN,EA,4511338057506,USD,3
CMIN-R27,Copic Ink,CMIN-R27,INK 12ML R27 CADMIUM RED,EA,4511338057513,USD,3
CMIN-R29,Copic Ink,CMIN-R29,INK 12ML R29 LIPSTICK RED,EA,4511338057520,USD,3
CMIN-R30,Copic Ink,CMIN-R30,INK 12ML R30 PALE YLLW PNK,EA,4511338057537,USD,3
CMIN-R32,Copic Ink,CMIN-R32,INK 12ML R32 PEACH,EA,4511338057544,USD,3
CMIN-R35,Copic Ink,CMIN-R35,INK 12ML R35 CORAL,EA,4511338057551,USD,3
CMIN-R37,Copic Ink,CMIN-R37,INK 12ML R37 CARMINE,EA,4511338057568,USD,3
CMIN-R39,Copic Ink,CMIN-R39,INK 12ML R39 GARNET,EA,4511338057575,USD,3
CMIN-R43,Copic Ink,CMIN-R43,INK 12ML R43 BOUGAINVILLAEA,EA,4511338057582,USD,3
CMIN-R46,Copic Ink,CMIN-R46,INK 12ML R46 STRONG RED,EA,4511338057599,USD,3
CMIN-R56,Copic Ink,CMIN-R56,INK 12ML R56 CURRANT,EA,4511338057605,USD,3
CMIN-R59,Copic Ink,CMIN-R59,INK 12ML R59 CARDINAL,EA,4511338057612,USD,3
CMIN-R81,Copic Ink,CMIN-R81,INK 12ML R81 ROSE PINK,EA,4511338057629,USD,3
CMIN-R83,Copic Ink,CMIN-R83,INK 12ML R83 ROSE MIST,EA,4511338057636,USD,3
CMIN-R85,Copic Ink,CMIN-R85,INK 12ML R85 ROSE RED,EA,4511338057643,USD,3
CMIN-R89,Copic Ink,CMIN-R89,INK 12ML R89 DARK RED,EA,4511338057650,USD,3
CMIN-RV0000,Copic Ink,CMIN-RV0000,INK 12ML RV0000 EVENING PRIMRO,EA,4511338057667,USD,3
CMIN-RV000,Copic Ink,CMIN-RV000,INK 12ML RV000 PALE PURPLE,EA,4511338057674,USD,3
CMIN-RV00,Copic Ink,CMIN-RV00,INK 12ML RV00 WATER LILLY,EA,4511338057681,USD,3
CMIN-RV02,Copic Ink,CMIN-RV02,INK 12ML RV02 SUGAR ALMND PNK,EA,4511338057698,USD,3
CMIN-RV04,Copic Ink,CMIN-RV04,INK 12ML RV04 SHOCK PINK,EA,4511338057704,USD,3
CMIN-RV06,Copic Ink,CMIN-RV06,INK 12ML RV06 CERISE,EA,4511338057711,USD,3
CMIN-RV09,Copic Ink,CMIN-RV09,INK 12ML RV09 FUCHSIA,EA,4511338057728,USD,3
CMIN-RV10,Copic Ink,CMIN-RV10,INK 12ML RV10 PALE PINK,EA,4511338057735,USD,3
CMIN-RV11,Copic Ink,CMIN-RV11,INK 12ML RV11 PINK,EA,4511338057742,USD,3
CMIN-RV13,Copic Ink,CMIN-RV13,INK 12ML RV13 TENDER PINK,EA,4511338057759,USD,3
CMIN-RV14,Copic Ink,CMIN-RV14,INK 12ML RV14 BEGONIA PINK,EA,4511338057766,USD,3
CMIN-RV17,Copic Ink,CMIN-RV17,INK 12ML RV17 DEEP MAGENTA,EA,4511338057773,USD,3
CMIN-RV19,Copic Ink,CMIN-RV19,INK 12ML RV19 RED VIOLET,EA,4511338057780,USD,3
CMIN-RV21,Copic Ink,CMIN-RV21,INK 12ML RV21 LIGHT PINK,EA,4511338057797,USD,3
CMIN-RV23,Copic Ink,CMIN-RV23,INK 12ML RV23 PURE PINK,EA,4511338057803,USD,3
CMIN-RV25,Copic Ink,CMIN-RV25,INK 12ML RV25 DOG ROSE FLOWER,EA,4511338057810,USD,3
CMIN-RV29,Copic Ink,CMIN-RV29,INK 12ML RV29 CRIMSON,EA,4511338057827,USD,3
CMIN-RV32,Copic Ink,CMIN-RV32,INK 12ML RV32 SHADOW PINK,EA,4511338057834,USD,3
CMIN-RV34,Copic Ink,CMIN-RV34,INK 12ML RV34 DARK PINK,EA,4511338057841,USD,3
CMIN-RV42,Copic Ink,CMIN-RV42,INK 12ML RV42 SALMON PINK,EA,4511338057858,USD,3
CMIN-RV52,Copic Ink,CMIN-RV52,INK 12ML RV52 COTTON CANDY,EA,4511338057865,USD,3
CMIN-RV55,Copic Ink,CMIN-RV55,INK 12ML RV55 HOLLYHOCK,EA,4511338057872,USD,3
CMIN-RV63,Copic Ink,CMIN-RV63,INK 12ML RV63 BEGONIA,EA,4511338057889,USD,3
CMIN-RV66,Copic Ink,CMIN-RV66,INK 12ML RV66 RASPBERRY,EA,4511338057896,USD,3
CMIN-RV69,Copic Ink,CMIN-RV69,INK 12ML RV69 PEONY,EA,4511338057902,USD,3
CMIN-RV91,Copic Ink,CMIN-RV91,INK 12ML RV91 GRAYISH CHERRY,EA,4511338057919,USD,3
CMIN-RV93,Copic Ink,CMIN-RV93,INK 12ML RV93 SMOKEY PURPLE,EA,4511338057926,USD,3
CMIN-RV95,Copic Ink,CMIN-RV95,INK 12ML RV95 BABY BLOSSOMS,EA,4511338057933,USD,3
CMIN-RV99,Copic Ink,CMIN-RV99,INK 12ML RV99 ARGYLE PURPLE,EA,4511338057940,USD,3
CMIN-V0000,Copic Ink,CMIN-V0000,INK 12ML V0000 ROSE QUARTZ,EA,4511338057957,USD,3
CMIN-V000,Copic Ink,CMIN-V000,INK 12ML V000 PALE HEATH,EA,4511338057964,USD,3
CMIN-V01,Copic Ink,CMIN-V01,INK 12ML V01 HEATH,EA,4511338057971,USD,3
CMIN-V04,Copic Ink,CMIN-V04,INK 12ML V04 LILAC,EA,4511338057988,USD,3
CMIN-V05,Copic Ink,CMIN-V05,INK 12ML V05 AZALEA,EA,4511338057995,USD,3
CMIN-V06,Copic Ink,CMIN-V06,INK 12ML V06 LAVENDER,EA,4511338058008,USD,3
CMIN-V09,Copic Ink,CMIN-V09,INK 12ML V09 VIOLET,EA,4511338058015,USD,3
CMIN-V12,Copic Ink,CMIN-V12,INK 12ML V12 PALE LILAC,EA,4511338058022,USD,3
CMIN-V15,Copic Ink,CMIN-V15,INK 12ML V15 MALLOW,EA,4511338058039,USD,3
CMIN-V17,Copic Ink,CMIN-V17,INK 12ML V17 AMETHYST,EA,4511338058046,USD,3
CMIN-V20,Copic Ink,CMIN-V20,INK 12ML V20 WISTERIA,EA,4511338058053,USD,3
CMIN-V22,Copic Ink,CMIN-V22,INK 12ML V22 ASH LAVENDER,EA,4511338058060,USD,3
CMIN-V25,Copic Ink,CMIN-V25,INK 12ML V25 PALE BLACKBERRY,EA,4511338058077,USD,3
CMIN-V28,Copic Ink,CMIN-V28,INK 12ML V28 EGGPLANT,EA,4511338058084,USD,3
CMIN-V91,Copic Ink,CMIN-V91,INK 12ML V91 PALE GRAPE,EA,4511338058091,USD,3
CMIN-V93,Copic Ink,CMIN-V93,INK 12ML V93 EARLY GRAPE,EA,4511338058107,USD,3
CMIN-V95,Copic Ink,CMIN-V95,INK 12ML V95 LIGHT GRAPE,EA,4511338058114,USD,3
CMIN-V99,Copic Ink,CMIN-V99,INK 12ML V99 AUBERGINE,EA,4511338058121,USD,3
CMIN-Y0000,Copic Ink,CMIN-Y0000,INK 12ML Y0000 YELLOW FLUORITE,EA,4511338058138,USD,3
CMIN-Y000,Copic Ink,CMIN-Y000,INK 12ML Y000 PALE LEMON,EA,4511338058145,USD,3
CMIN-Y00,Copic Ink,CMIN-Y00,INK 12ML Y00 BARIUM YELLOW,EA,4511338058152,USD,3
CMIN-Y02,Copic Ink,CMIN-Y02,INK 12ML Y02 CANARY YELLOW,EA,4511338058169,USD,3
CMIN-Y04,Copic Ink,CMIN-Y04,INK 12ML Y04 ACACIA,EA,4511338058176,USD,3
CMIN-Y06,Copic Ink,CMIN-Y06,INK 12ML Y06 YELLOW,EA,4511338058183,USD,3
CMIN-Y08,Copic Ink,CMIN-Y08,INK 12ML Y08 ACID YELLOW,EA,4511338058190,USD,3
CMIN-Y11,Copic Ink,CMIN-Y11,INK 12ML Y11 PALE YELLOW,EA,4511338058206,USD,3
CMIN-Y13,Copic Ink,CMIN-Y13,INK 12ML Y13 LEMON YELLOW,EA,4511338058213,USD,3
CMIN-Y15,Copic Ink,CMIN-Y15,INK 12ML Y15 CADMIUM YELLOW,EA,4511338058220,USD,3
CMIN-Y17,Copic Ink,CMIN-Y17,INK 12ML Y17 GOLDEN YELLOW,EA,4511338058237,USD,3
CMIN-Y18,Copic Ink,CMIN-Y18,INK 12ML Y18 LIGHTNING YLLW,EA,4511338058244,USD,3
CMIN-Y19,Copic Ink,CMIN-Y19,INK 12ML Y19 NAPOLI YELLOW,EA,4511338058251,USD,3
CMIN-Y21,Copic Ink,CMIN-Y21,INK 12ML Y21 BUTTERCUP YLLW,EA,4511338058268,USD,3
CMIN-Y23,Copic Ink,CMIN-Y23,INK 12ML Y23 YELLOWISH BEIGE,EA,4511338058275,USD,3
CMIN-Y26,Copic Ink,CMIN-Y26,INK 12ML Y26 MUSTARD,EA,4511338058282,USD,3
CMIN-Y28,Copic Ink,CMIN-Y28,INK 12ML Y28 LIONET GOLD,EA,4511338058299,USD,3
CMIN-Y32,Copic Ink,CMIN-Y32,INK 12ML Y32 CASHMERE,EA,4511338058305,USD,3
CMIN-Y35,Copic Ink,CMIN-Y35,INK 12ML Y35 MAIZE,EA,4511338058312,USD,3
CMIN-Y38,Copic Ink,CMIN-Y38,INK 12ML Y38 HONEY,EA,4511338058329,USD,3
CMIN-YG0000,Copic Ink,CMIN-YG0000,INK 12ML YG0000 LILY WHITE,EA,4511338058336,USD,3
CMIN-YG00,Copic Ink,CMIN-YG00,INK 12ML YG00 MIMOSA YELLOW,EA,4511338058343,USD,3
CMIN-YG01,Copic Ink,CMIN-YG01,INK 12ML YG01 GREEN BICE,EA,4511338058350,USD,3
CMIN-YG03,Copic Ink,CMIN-YG03,INK 12ML YG03 YELLOW GREEN,EA,4511338058367,USD,3
CMIN-YG05,Copic Ink,CMIN-YG05,INK 12ML YG05 SALAD,EA,4511338058374,USD,3
CMIN-YG06,Copic Ink,CMIN-YG06,INK 12ML YG06 YELLOWISH GREEN,EA,4511338058381,USD,3
CMIN-YG07,Copic Ink,CMIN-YG07,INK 12ML YG07 ACID GREEN,EA,4511338058398,USD,3
CMIN-YG09,Copic Ink,CMIN-YG09,INK 12ML YG09 LETTUCE GREEN,EA,4511338058404,USD,3
CMIN-YG11,Copic Ink,CMIN-YG11,INK 12ML YG11 MIGNONETTE,EA,4511338058411,USD,3
CMIN-YG13,Copic Ink,CMIN-YG13,INK 12ML YG13 CHATREUSE,EA,4511338058428,USD,3
CMIN-YG17,Copic Ink,CMIN-YG17,INK 12ML YG17 GRASS GREEN,EA,4511338058435,USD,3
CMIN-YG21,Copic Ink,CMIN-YG21,INK 12ML YG21 ANISE,EA,4511338058442,USD,3
CMIN-YG23,Copic Ink,CMIN-YG23,INK 12ML YG23 NEW LEAF,EA,4511338058459,USD,3
CMIN-YG25,Copic Ink,CMIN-YG25,INK 12ML YG25 CELADON GREEN,EA,4511338058466,USD,3
CMIN-YG41,Copic Ink,CMIN-YG41,INK 12ML YG41 PALE COBLT GREEN,EA,4511338058473,USD,3
CMIN-YG45,Copic Ink,CMIN-YG45,INK 12ML YG45 COBALT GREEN,EA,4511338058480,USD,3
CMIN-YG61,Copic Ink,CMIN-YG61,INK 12ML YG61 PALE MOSS,EA,4511338058497,USD,3
CMIN-YG63,Copic Ink,CMIN-YG63,INK 12ML YG63 PEA GREEN,EA,4511338058503,USD,3
CMIN-YG67,Copic Ink,CMIN-YG67,INK 12ML YG67 MOSS,EA,4511338058510,USD,3
CMIN-YG91,Copic Ink,CMIN-YG91,INK 12ML YG91 PUTTY,EA,4511338058527,USD,3
CMIN-YG93,Copic Ink,CMIN-YG93,INK 12ML YG93 GRAYISH YELLOW,EA,4511338058534,USD,3
CMIN-YG95,Copic Ink,CMIN-YG95,INK 12ML YG95 PALE OLIVE,EA,4511338058541,USD,3
CMIN-YG97,Copic Ink,CMIN-YG97,INK 12ML YG97 SPANISH OLIVE,EA,4511338058558,USD,3
CMIN-YG99,Copic Ink,CMIN-YG99,INK 12ML YG99 MARINE GREEN,EA,4511338058565,USD,3
CMIN-YR0000,Copic Ink,CMIN-YR0000,INK 12ML YR0000 PALE CHIFFON,EA,4511338058572,USD,3
CMIN-YR000,Copic Ink,CMIN-YR000,INK 12ML YR000 SILK,EA,4511338058589,USD,3
CMIN-YR00,Copic Ink,CMIN-YR00,INK 12ML YR00 POWDER PINK,EA,4511338058596,USD,3
CMIN-YR01,Copic Ink,CMIN-YR01,INK 12ML YR01 PEACH PUFF,EA,4511338058602,USD,3
CMIN-YR02,Copic Ink,CMIN-YR02,INK 12ML YR02 LIGHT ORANGE,EA,4511338058619,USD,3
CMIN-YR04,Copic Ink,CMIN-YR04,INK 12ML YR04 CHROME ORANGE,EA,4511338058626,USD,3
CMIN-YR07,Copic Ink,CMIN-YR07,INK 12ML YR07 CADMIUM ORANGE,EA,4511338058633,USD,3
CMIN-YR09,Copic Ink,CMIN-YR09,INK 12ML YR09 CHINESE ORANGE,EA,4511338058640,USD,3
CMIN-YR12,Copic Ink,CMIN-YR12,INK 12ML YR12 LOQUAT,EA,4511338058657,USD,3
CMIN-YR14,Copic Ink,CMIN-YR14,INK 12ML YR14 CARAMEL,EA,4511338058664,USD,3
CMIN-YR15,Copic Ink,CMIN-YR15,INK 12ML YR15 PUMPKIN YELLOW,EA,4511338058671,USD,3
CMIN-YR16,Copic Ink,CMIN-YR16,INK 12ML YR16 APRICOT,EA,4511338058688,USD,3
CMIN-YR18,Copic Ink,CMIN-YR18,INK 12ML YR18 SANGUINE,EA,4511338058695,USD,3
CMIN-YR20,Copic Ink,CMIN-YR20,INK 12ML YR20 YELLOWISH SHADE,EA,4511338058701,USD,3
CMIN-YR21,Copic Ink,CMIN-YR21,INK 12ML YR21 CREAM,EA,4511338058718,USD,3
CMIN-YR23,Copic Ink,CMIN-YR23,INK 12ML YR23 YELLOW OCHRE,EA,4511338058725,USD,3
CMIN-YR24,Copic Ink,CMIN-YR24,INK 12ML YR24 PALE SEPIA,EA,4511338058732,USD,3
CMIN-YR27,Copic Ink,CMIN-YR27,INK 12ML YR27 TUSCAN ORANGE,EA,4511338058749,USD,3
CMIN-YR30,Copic Ink,CMIN-YR30,INK 12ML YR30 MACADAMIA NUT,EA,4511338058756,USD,3
CMIN-YR31,Copic Ink,CMIN-YR31,INK 12ML YR31 LT REDDISH YEL,EA,4511338058763,USD,3
CMIN-YR61,Copic Ink,CMIN-YR61,INK 12ML YR61 SPRING ORANGE,EA,4511338058770,USD,3
CMIN-YR65,Copic Ink,CMIN-YR65,INK 12ML YR65 ATOLL,EA,4511338058787,USD,3
CMIN-YR68,Copic Ink,CMIN-YR68,INK 12ML YR68 ORANGE,EA,4511338058794,USD,3
CMIN-YR82,Copic Ink,CMIN-YR82,INK 12ML YR82 MELLOW PEACH,EA,4511338058800,USD,3
CMIN-FRV1,Copic Ink,CMIN-FRV1,INK 12ML FRV FLUOR PINK,EA,4511338058817,USD,3
CMIN-FY1,Copic Ink,CMIN-FY1,INK 12ML FY1 FLUOR YLLW ORANG,EA,4511338058824,USD,3
CMIN-FYG1,Copic Ink,CMIN-FYG1,INK 12ML FYG1 FLUOR YELLOW,EA,4511338058831,USD,3
CMIN-FYR1,Copic Ink,CMIN-FYR1,INK 12ML FYR1 FLUOR ORANGE,EA,4511338058848,USD,3
CMIN-FV2,Copic Ink,CMIN-FV2,INK 12ML FV2 FLO DULL VIOLET,EA,4511338058855,USD,3
CMIN-FYG2,Copic Ink,CMIN-FYG2,INK 12ML FYG2 FLUOR DULL YEL,EA,4511338058862,USD,3
CMIN-FB2,Copic Ink,CMIN-FB2,INK 12ML FB2 FLUOR DULL BLU,EA,4511338058879,USD,3
CMIN-FBG2,Copic Ink,CMIN-FBG2,INK 12ML FBG2 FLUOR DULL BG,EA,4511338058886,USD,3
CMIN-EMPTY,Copic Ink,CMIN-EMPTY,INK 12ML EMPTY CONTAINER,EA,4511338058893,USD,3
CMVBL200CC,Copic Ink Access,CMVBL200CC,VARIOUS INK BLENDER 200CC,EA,4511338005811,USD,5
CMCOPQW,Copic Ink Access,CMCOPQW,COPIC OPAQUE WHT 10ML PIGMENT,EA,4511338055205,USD,6
CMMLS01,Copic Multiliner,CMMLS01,MULTILINER 0.1 SEPIA,EA,4511338008652,USD,12
CMMLS03,Copic Multiliner,CMMLS03,MULTILINER 0.3 SEPIA,EA,4511338008669,USD,12
CMMLS005,Copic Multiliner,CMMLS005,MULTILINER 0.05 SEPIA,EA,4511338008676,USD,12
CMMLG005,Copic Multiliner,CMMLG005,MULTILINER .05 GRAY,EA,4511338009482,USD,12
CMMLG01,Copic Multiliner,CMMLG01,MULTILINER 0.1 GRAY,EA,4511338009499,USD,12
CMMLG03,Copic Multiliner,CMMLG03,MULTILINER 0.3 GRAY,EA,4511338009505,USD,12
CMMLB005,Copic Multiliner,CMMLB005,MULTILINER 0.05 BLACK,EA,4511338010174,USD,12
CMMLB01,Copic Multiliner,CMMLB01,MULTILINER 0.1 BLACK,EA,4511338010181,USD,12
CMMLB03,Copic Multiliner,CMMLB03,MULTILINER 0.3 BLACK,EA,4511338010198,USD,12
CMMLB05,Copic Multiliner,CMMLB05,MULTILINER 0.5 BLACK,EA,4511338010204,USD,12
CMMLB08,Copic Multiliner,CMMLB08,MULTILINER 0.8 BLACK,EA,4511338010211,USD,12
CMMLB1,Copic Multiliner,CMMLB1,MULTILINER 1.0 BLACK,EA,4511338010228,USD,12
CMMLS05,Copic Multiliner,CMMLS05,MULTILINER 0.5 SEPIA,EA,4511338010389,USD,12
CMMLG05,Copic Multiliner,CMMLG05,MULTILINER 0.5 GRAY,EA,4511338010396,USD,12
CMMLW005,Copic Multiliner,CMMLW005,MULTILINER 0.05 WINE,EA,4511338010402,USD,12
CMMLW01,Copic Multiliner,CMMLW01,MULTILINER 0.1 WINE,EA,4511338010419,USD,12
CMMLW03,Copic Multiliner,CMMLW03,MULTILINER 0.3 WINE,EA,4511338010426,USD,12
CMMLW05,Copic Multiliner,CMMLW05,MULTILINER 0.5 WINE,EA,4511338010433,USD,12
CMMLC005,Copic Multiliner,CMMLC005,MULTILINER 0.05 COBALT,EA,4511338010440,USD,12
CMMLC01,Copic Multiliner,CMMLC01,MULTILINER 0.1 COBALT,EA,4511338010457,USD,12
CMMLC03,Copic Multiliner,CMMLC03,MULTILINER 0.3 COBALT,EA,4511338010464,USD,12
CMMLC05,Copic Multiliner,CMMLC05,MULTILINER .5 COBALT,EA,4511338010471,USD,12
CMMLO005,Copic Multiliner,CMMLO005,MULTILINER .05 OLIVE,EA,4511338010488,USD,12
CMMLO01,Copic Multiliner,CMMLO01,MULTILINER 0.1 OLIVE,EA,4511338010495,USD,12
CMMLO03,Copic Multiliner,CMMLO03,MULTILINER 0.3 OLIVE,EA,4511338010501,USD,12
CMMLO05,Copic Multiliner,CMMLO05,MULTILINER 0.5 OLIVE,EA,4511338010518,USD,12
CMMLBBS,Copic Multiliner,CMMLBBS,MULTILINER BRSH SMALL BLACK,EA,4511338022658,USD,12
CMMLBBM,Copic Multiliner,CMMLBBM,MULTILINER BRSH MED BLACK,EA,4511338022665,USD,12
CMMLB003,Copic Multiliner,CMMLB003,MULTILINER 0.03 BLACK,EA,4511338041017,USD,12
CMMLS003,Copic Multiliner,CMMLS003,MULTILINER 0.03 SEPIA,EA,4511338041475,USD,12
CMMLG003,Copic Multiliner,CMMLG003,MULTILINER 0.03 GRAY,EA,4511338041482,USD,12
CMMLWG003,Copic Multiliner,CMMLWG003,MULTILINER 0.03 WARM GRAY,EA,4511338041499,USD,12
CMMLWG005,Copic Multiliner,CMMLWG005,MULTILINER 0.05 WRM GRAY,EA,4511338041505,USD,12
CMMLWG01,Copic Multiliner,CMMLWG01,MULTILINER 0.1 WRM GRAY,EA,4511338041512,USD,12
CMMLWG03,Copic Multiliner,CMMLWG03,MULTILINER 0.3 WRM GRAY,EA,4511338041529,USD,12
CMMLWG05,Copic Multiliner,CMMLWG05,MULTILINER 0.5 WRM GRAY,EA,4511338041536,USD,12
CMMLSBS,Copic Multiliner,CMMLSBS,MULTILINER BRSH SMALL SEPIA,EA,4511338041567,USD,12
CMMLSBM,Copic Multiliner,CMMLSBM,MULTILINER BRSH MED SEPIA,EA,4511338041574,USD,12
CMMLBR003,Copic Multiliner,CMMLBR003,MULTILINER 0.03 BROWN,EA,4511338052563,USD,12
CMMLBR005,Copic Multiliner,CMMLBR005,MULTILINER 0.05 BROWN,EA,4511338052570,USD,12
CMMLBR01,Copic Multiliner,CMMLBR01,MULTILINER 0.1 BROWN,EA,4511338052587,USD,12
CMMLBR03,Copic Multiliner,CMMLBR03,MULTILINER 0.3 BROWN,EA,4511338052594,USD,12
CMMLBR05,Copic Multiliner,CMMLBR05,MULTILINER 0.5 BROWN,EA,4511338052600,USD,12
CMMLP005,Copic Multiliner,CMMLP005,MULTILINER 0.05 PINK,EA,4511338053751,USD,12
CMMLP01,Copic Multiliner,CMMLP01,MULTILINER 0.1 PINK,EA,4511338053768,USD,12
CMMLP03,Copic Multiliner,CMMLP03,MULTILINER 0.3 PINK,EA,4511338053775,USD,12
CMMLP05,Copic Multiliner,CMMLP05,MULTILINER 0.5 PINK,EA,4511338053782,USD,12
CMMLP003,Copic Multiliner,CMMLP003,MULTILINER 0.03 PINK,EA,4511338053997,USD,12
CMLLAV003,Copic Multiliner,CMLLAV003,MULTILINER 0.03 LAVENDER,EA,4511338054208,USD,12
CMLLAV005,Copic Multiliner,CMLLAV005,MULTILINER .05 LAVENDER,EA,4511338054215,USD,12
CMLLAV01,Copic Multiliner,CMLLAV01,MULTILINER 0.1 LAVENDER,EA,4511338054222,USD,12
CMLLAV03,Copic Multiliner,CMLLAV03,MULTILINER 0.3 LAVENDER,EA,4511338054239,USD,12
CMLLAV05,Copic Multiliner,CMLLAV05,MULTILINER 0.5 LAVENDER,EA,4511338054246,USD,12
CMMLBCS,Copic Multiliner,CMMLBCS,MULTILINER 2MM BLK CALLIGPH SM,EA,4511338055076,USD,12
CMMLBCM,Copic Multiliner,CMMLBCM,MULTILINER 4MM BLK CALLIGPH MD,EA,4511338055083,USD,12
CMCOPQBRSH,Copic paint w/Brush,CMCOPQBRSH,COPIC OPAQUE WHT 6ML W/BRSH,EA,4511338055212,USD,6
CMGASENFUDE,Copic Pen,CMGASENFUDE,GASENFUDE NYLON BRUSH PEN BLK,EA,4511338049174,USD,20
CMC0-S,Copic Sketch,CMC0-S,SKETCH MRKR COOL GRAY 0,EA,4511338002278,USD,3
CMC1-S,Copic Sketch,CMC1-S,SKETCH MRKR COOL GRAY 1,EA,4511338002285,USD,3
CMC2-S,Copic Sketch,CMC2-S,SKETCH MRKR COOL GRAY 2,EA,4511338002292,USD,3
CMC3-S,Copic Sketch,CMC3-S,SKETCH MRKR COOL GRAY 3,EA,4511338002308,USD,3
CMC4-S,Copic Sketch,CMC4-S,SKETCH MRKR COOL GRAY 4,EA,4511338002315,USD,3
CMC5-S,Copic Sketch,CMC5-S,SKETCH MRKR COOL GRAY 5,EA,4511338002322,USD,3
CMC6-S,Copic Sketch,CMC6-S,SKETCH MRKR COOL GRAY( 6 6),EA,4511338002339,USD,3
CMC7-S,Copic Sketch,CMC7-S,SKETCH MRKR COOL GRAY 7,EA,4511338002346,USD,3
CMC8-S,Copic Sketch,CMC8-S,SKETCH MRKR COOL GRAY 8,EA,4511338002353,USD,3
CMC9-S,Copic Sketch,CMC9-S,SKETCH MRKR COOL GRAY 9,EA,4511338002360,USD,3
CMC10-S,Copic Sketch,CMC10-S,SKETCH MRKR COOL GRAY 10,EA,4511338002377,USD,3
CMN1-S,Copic Sketch,CMN1-S,SKETCH MRKR NEUTRAL GRAY 1,EA,4511338002384,USD,3
CMN3-S,Copic Sketch,CMN3-S,SKETCH MRKR NEUTRAL GRAY 3,EA,4511338002391,USD,3
CMN5-S,Copic Sketch,CMN5-S,SKETCH MRKR NEUTRAL GRAY 5,EA,4511338002407,USD,3
CMN7-S,Copic Sketch,CMN7-S,SKETCH MRKR NEUTRAL GRAY 7,EA,4511338002414,USD,3
CMN9-S,Copic Sketch,CMN9-S,SKETCH MRKR NEUTRAL GRAY 9,EA,4511338002421,USD,3
CMW1-S,Copic Sketch,CMW1-S,SKETCH MRKR WARM GRAY  1,EA,4511338002438,USD,3
CMW3-S,Copic Sketch,CMW3-S,SKETCH MRKR WARM GRAY 3,EA,4511338002445,USD,3
CMW5-S,Copic Sketch,CMW5-S,SKETCH MRKR WARM GRAY 5,EA,4511338002452,USD,3
CMW7-S,Copic Sketch,CMW7-S,SKETCH MRKR WARM GRAY 7,EA,4511338002469,USD,3
CMW9-S,Copic Sketch,CMW9-S,SKETCH MRKR WARM GRAY 9,EA,4511338002476,USD,3
CM0-S,Copic Sketch,CM0-S,SKETCH COLORLESS BLENDER,EA,4511338002483,USD,3
CM100-S,Copic Sketch,CM100-S,SKETCH MRKR BLACK,EA,4511338002490,USD,3
CM110-S,Copic Sketch,CM110-S,SKETCH MRKR SPECIAL BLACK,EA,4511338002506,USD,3
CMB00-S,Copic Sketch,CMB00-S,SKETCH MRKR FROST BLUE,EA,4511338002513,USD,3
CMB01-S,Copic Sketch,CMB01-S,SKETCH MRKR MINT BLUE,EA,4511338002520,USD,3
CMB02-S,Copic Sketch,CMB02-S,SKETCH MRKR ROBINS EGG BLUE,EA,4511338002537,USD,3
CMB05-S,Copic Sketch,CMB05-S,SKETCH MRKR PROCESS BLUE,EA,4511338002544,USD,3
CMB06-S,Copic Sketch,CMB06-S,SKETCH MRKR PEACOCK BLUE,EA,4511338002551,USD,3
CMB12-S,Copic Sketch,CMB12-S,SKETCH MRKR ICE BLUE,EA,4511338002568,USD,3
CMB14-S,Copic Sketch,CMB14-S,SKETCH MRKR LIGHT BLUE,EA,4511338002575,USD,3
CMB18-S,Copic Sketch,CMB18-S,SKETCH MRKR LAPIS LAZULI,EA,4511338002582,USD,3
CMB21-S,Copic Sketch,CMB21-S,SKETCH MRKR BABY BLUE,EA,4511338002599,USD,3
CMB23-S,Copic Sketch,CMB23-S,SKETCH MRKR PHTHALO BLUE,EA,4511338002605,USD,3
CMB24-S,Copic Sketch,CMB24-S,SKETCH MRKR SKY,EA,4511338002612,USD,3
CMB26-S,Copic Sketch,CMB26-S,SKETCH MRKR COBALT BLUE,EA,4511338002629,USD,3
CMB29-S,Copic Sketch,CMB29-S,SKETCH MRKR ULTRAMARINE,EA,4511338002636,USD,3
CMB32-S,Copic Sketch,CMB32-S,SKETCH MRKR PALE BLUE,EA,4511338002643,USD,3
CMB34-S,Copic Sketch,CMB34-S,SKETCH MRKR MANGANESE BLUE,EA,4511338002650,USD,3
CMB37-S,Copic Sketch,CMB37-S,SKETCH MRKR ANTWERP BLUE,EA,4511338002667,USD,3
CMB39-S,Copic Sketch,CMB39-S,SKETCH MRKR PRUSSIAN BLUE,EA,4511338002674,USD,3
CMB41-S,Copic Sketch,CMB41-S,SKETCH MRKR POWDER BLUE,EA,4511338002681,USD,3
CMB45-S,Copic Sketch,CMB45-S,SKETCH MRKR SMOKY BLUE,EA,4511338002698,USD,3
CMBG02-S,Copic Sketch,CMBG02-S,SKETCH MRKR NEW BLUE,EA,4511338002704,USD,3
CMBG09-S,Copic Sketch,CMBG09-S,SKETCH MRKR BLUE GREEN,EA,4511338002711,USD,3
CMBG10-S,Copic Sketch,CMBG10-S,SKETCH MRKR COOL SHADOW,EA,4511338002728,USD,3
CMBG11-S,Copic Sketch,CMBG11-S,SKETCH MRKR MOON WHITE,EA,4511338002735,USD,3
CMBG13-S,Copic Sketch,CMBG13-S,SKETCH MRKR MINT GREEN,EA,4511338002742,USD,3
CMBG15-S,Copic Sketch,CMBG15-S,SKETCH MRKR AQUA,EA,4511338002759,USD,3
CMBG18-S,Copic Sketch,CMBG18-S,SKETCH MRKR TEAL BLUE,EA,4511338002766,USD,3
CMBG32-S,Copic Sketch,CMBG32-S,SKETCH MRKR AQUA MINT,EA,4511338002773,USD,3
CMBG45-S,Copic Sketch,CMBG45-S,SKETCH MRKR NILE BLUE,EA,4511338002780,USD,3
CMBG49-S,Copic Sketch,CMBG49-S,SKETCH MRKR DUCK BLUE,EA,4511338002797,USD,3
CMBV00-S,Copic Sketch,CMBV00-S,SKETCH MRKR MAUVE SHADOW,EA,4511338002803,USD,3
CMBV04-S,Copic Sketch,CMBV04-S,SKETCH MRKR BLUE BERRY,EA,4511338002810,USD,3
CMBV08-S,Copic Sketch,CMBV08-S,SKETCH MRKR BLUE VIOLET,EA,4511338002827,USD,3
CMBV23-S,Copic Sketch,CMBV23-S,SKETCH MRKR GRAYISH LAVENDR,EA,4511338002834,USD,3
CMBV31-S,Copic Sketch,CMBV31-S,SKETCH MRKR PALE LAVENDER,EA,4511338002841,USD,3
CME00-S,Copic Sketch,CME00-S,SKETCH MRKR COTTON PEARL,EA,4511338002858,USD,3
CME02-S,Copic Sketch,CME02-S,SKETCH MRKR FRUIT PINK,EA,4511338002865,USD,3
CME04-S,Copic Sketch,CME04-S,SKETCH MRKR LIPSTICK NATRAL,EA,4511338002872,USD,3
CME07-S,Copic Sketch,CME07-S,SKETCH MRKR LIGHT MAHOGANY,EA,4511338002889,USD,3
CME09-S,Copic Sketch,CME09-S,SKETCH MRKR BURNT SIENNA,EA,4511338002896,USD,3
CME11-S,Copic Sketch,CME11-S,SKETCH MRKR BARELY BEIGE,EA,4511338002902,USD,3
CME13-S,Copic Sketch,CME13-S,SKETCH MRKR DESERT SAND,EA,4511338002919,USD,3
CME15-S,Copic Sketch,CME15-S,SKETCH MRKR EARTHENWARE,EA,4511338002926,USD,3
CME21-S,Copic Sketch,CME21-S,SKETCH MRKR SOFT SUN,EA,4511338002933,USD,3
CME29-S,Copic Sketch,CME29-S,SKETCH MRKR BURNT UMBER,EA,4511338002940,USD,3
CME31-S,Copic Sketch,CME31-S,SKETCH MRKR BRICK BEIGE,EA,4511338002957,USD,3
CME33-S,Copic Sketch,CME33-S,SKETCH MRKR SAND,EA,4511338002964,USD,3
CME35-S,Copic Sketch,CME35-S,SKETCH MRKR CHAMOIS,EA,4511338002971,USD,3
CME37-S,Copic Sketch,CME37-S,SKETCH MRKR SEPIA,EA,4511338002988,USD,3
CME39-S,Copic Sketch,CME39-S,SKETCH MRKR LEATHER,EA,4511338002995,USD,3
CME40-S,Copic Sketch,CME40-S,SKETCH MRKR BRICK WHITE,EA,4511338003008,USD,3
CME41-S,Copic Sketch,CME41-S,SKETCH MRKR PEARL WHITE,EA,4511338003015,USD,3
CME43-S,Copic Sketch,CME43-S,SKETCH MRKR DULL IVORY,EA,4511338003022,USD,3
CME44-S,Copic Sketch,CME44-S,SKETCH MRKR CLAY,EA,4511338003039,USD,3
CME49-S,Copic Sketch,CME49-S,SKETCH MRKR DARK BARK,EA,4511338003046,USD,3
CME51-S,Copic Sketch,CME51-S,SKETCH MRKR MILKY WHITE,EA,4511338003053,USD,3
CME57-S,Copic Sketch,CME57-S,SKETCH MRKR LIGHT WALNUT,EA,4511338003060,USD,3
CMG00-S,Copic Sketch,CMG00-S,SKETCH MRKR JADE GREEN,EA,4511338003077,USD,3
CMG02-S,Copic Sketch,CMG02-S,SKETCH MRKR SPECTRUM GREEN,EA,4511338003084,USD,3
CMG05-S,Copic Sketch,CMG05-S,SKETCH MRKR EMERALD GREEN,EA,4511338003091,USD,3
CMG07-S,Copic Sketch,CMG07-S,SKETCH MRKR NILE GREEN,EA,4511338003107,USD,3
CMG12-S,Copic Sketch,CMG12-S,SKETCH MRKR SEA GREEN,EA,4511338003114,USD,3
CMG14-S,Copic Sketch,CMG14-S,SKETCH MRKR APPLE GREEN,EA,4511338003121,USD,3
CMG16-S,Copic Sketch,CMG16-S,SKETCH MRKR MALACHITE,EA,4511338003138,USD,3
CMG17-S,Copic Sketch,CMG17-S,SKETCH MRKR FOREST GREEN,EA,4511338003145,USD,3
CMG21-S,Copic Sketch,CMG21-S,SKETCH MRKR LIME GREEN,EA,4511338003152,USD,3
CMG28-S,Copic Sketch,CMG28-S,SKETCH MRKR OCEAN GREEN,EA,4511338003169,USD,3
CMG29-S,Copic Sketch,CMG29-S,SKETCH MRKR PINE TREE GREEN,EA,4511338003176,USD,3
CMG85-S,Copic Sketch,CMG85-S,SKETCH MRKR VERDIGRIS,EA,4511338003183,USD,3
CMG99-S,Copic Sketch,CMG99-S,SKETCH MRKR OLIVE,EA,4511338003190,USD,3
CMR02-S,Copic Sketch,CMR02-S,SKETCH MRKR ROSE SALMON,EA,4511338003206,USD,3
CMR08-S,Copic Sketch,CMR08-S,SKETCH MRKR VERMILLION,EA,4511338003213,USD,3
CMR20-S,Copic Sketch,CMR20-S,SKETCH MRKR BLUSH,EA,4511338003220,USD,3
CMR24-S,Copic Sketch,CMR24-S,SKETCH MRKR PRAWN,EA,4511338003237,USD,3
CMR27-S,Copic Sketch,CMR27-S,SKETCH MRKR CADMIUM RED,EA,4511338003244,USD,3
CMR29-S,Copic Sketch,CMR29-S,SKETCH MRKR LIPSTICK RED,EA,4511338003251,USD,3
CMR32-S,Copic Sketch,CMR32-S,SKETCH MRKR PEACH,EA,4511338003268,USD,3
CMR37-S,Copic Sketch,CMR37-S,SKETCH MRKR CARMINE,EA,4511338003275,USD,3
CMR39-S,Copic Sketch,CMR39-S,SKETCH MRKR GARNET,EA,4511338003282,USD,3
CMR59-S,Copic Sketch,CMR59-S,SKETCH MRKR CARDINAL,EA,4511338003299,USD,3
CMRV04-S,Copic Sketch,CMRV04-S,SKETCH MRKR SHOCK PINK,EA,4511338003305,USD,3
CMRV06-S,Copic Sketch,CMRV06-S,SKETCH MRKR CERISE,EA,4511338003312,USD,3
CMRV09-S,Copic Sketch,CMRV09-S,SKETCH MRKR FUCHSIA,EA,4511338003329,USD,3
CMRV11-S,Copic Sketch,CMRV11-S,SKETCH MRKR PINK,EA,4511338003336,USD,3
CMRV19-S,Copic Sketch,CMRV19-S,SKETCH MRKR RED VIOLET,EA,4511338003343,USD,3
CMRV21-S,Copic Sketch,CMRV21-S,SKETCH MRKR LIGHT PINK,EA,4511338003350,USD,3
CMRV29-S,Copic Sketch,CMRV29-S,SKETCH MRKR CRIMSON,EA,4511338003367,USD,3
CMRV34-S,Copic Sketch,CMRV34-S,SKETCH MRKR DARK PINK,EA,4511338003374,USD,3
CMV04-S,Copic Sketch,CMV04-S,SKETCH MRKR LILAC,EA,4511338003381,USD,3
CMV06-S,Copic Sketch,CMV06-S,SKETCH MRKR LAVENDER,EA,4511338003398,USD,3
CMV09-S,Copic Sketch,CMV09-S,SKETCH MRKR VIOLET,EA,4511338003404,USD,3
CMV12-S,Copic Sketch,CMV12-S,SKETCH MRKR PALE LILAC,EA,4511338003411,USD,3
CMV15-S,Copic Sketch,CMV15-S,SKETCH MRKR MALLOW,EA,4511338003428,USD,3
CMV17-S,Copic Sketch,CMV17-S,SKETCH MRKR AMETHYST,EA,4511338003435,USD,3
CMY00-S,Copic Sketch,CMY00-S,SKETCH MRKR BARIUM YELLOW,EA,4511338003442,USD,3
CMY02-S,Copic Sketch,CMY02-S,SKETCH MRKR CANARY YELLOW,EA,4511338003459,USD,3
CMY06-S,Copic Sketch,CMY06-S,SKETCH MRKR YELLOW,EA,4511338003466,USD,3
CMY08-S,Copic Sketch,CMY08-S,SKETCH MRKR ACID YELLOW,EA,4511338003473,USD,3
CMY11-S,Copic Sketch,CMY11-S,SKETCH MRKR PALE YELLOW,EA,4511338003480,USD,3
CMY13-S,Copic Sketch,CMY13-S,SKETCH MRKR LEMON YELLOW,EA,4511338003497,USD,3
CMY15-S,Copic Sketch,CMY15-S,SKETCH MRKR CADMIUM YELLOW,EA,4511338003503,USD,3
CMY17-S,Copic Sketch,CMY17-S,SKETCH MRKR GOLDEN YELLOW,EA,4511338003510,USD,3
CMY21-S,Copic Sketch,CMY21-S,SKETCH MRKR BUTTERCUP YLLW,EA,4511338003527,USD,3
CMY26-S,Copic Sketch,CMY26-S,SKETCH MRKR MUSTARD,EA,4511338003534,USD,3
CMYG03-S,Copic Sketch,CMYG03-S,SKETCH MRKR YELLOW GREEN,EA,4511338003541,USD,3
CMYG07-S,Copic Sketch,CMYG07-S,SKETCH MRKR ACID GREEN,EA,4511338003558,USD,3
CMYG11-S,Copic Sketch,CMYG11-S,SKETCH MRKR MIGNONETTE,EA,4511338003565,USD,3
CMYG13-S,Copic Sketch,CMYG13-S,SKETCH MRKR CHARTREUSE,EA,4511338003572,USD,3
CMYG17-S,Copic Sketch,CMYG17-S,SKETCH MRKR GRASS GREEN,EA,4511338003589,USD,3
CMYG41-S,Copic Sketch,CMYG41-S,SKETCH MRKR PALE COBLT GREEN,EA,4511338003596,USD,3
CMYG67-S,Copic Sketch,CMYG67-S,SKETCH MRKR MOSS,EA,4511338003602,USD,3
CMYG91-S,Copic Sketch,CMYG91-S,SKETCH MRKR PUTTY,EA,4511338003619,USD,3
CMYG95-S,Copic Sketch,CMYG95-S,SKETCH MRKR PALE OLIVE,EA,4511338003626,USD,3
CMYR00-S,Copic Sketch,CMYR00-S,SKETCH MRKR POWDER PINK,EA,4511338003633,USD,3
CMYR02-S,Copic Sketch,CMYR02-S,SKETCH MRKR LIGHT ORANGE,EA,4511338003640,USD,3
CMYR04-S,Copic Sketch,CMYR04-S,SKETCH MRKR CHROME ORANGE,EA,4511338003657,USD,3
CMYR07-S,Copic Sketch,CMYR07-S,SKETCH MRKR CADMIUM ORANGE,EA,4511338003664,USD,3
CMYR09-S,Copic Sketch,CMYR09-S,SKETCH MRKR CHINESE ORANGE,EA,4511338003671,USD,3
CMYR14-S,Copic Sketch,CMYR14-S,SKETCH MRKR CARAMEL,EA,4511338003688,USD,3
CMYR23-S,Copic Sketch,CMYR23-S,SKETCH MRKR YELLOW OCHRE,EA,4511338003695,USD,3
CMYR24-S,Copic Sketch,CMYR24-S,SKETCH MRKR PALE SEPIA,EA,4511338003701,USD,3
CMN0-S,Copic Sketch,CMN0-S,SKETCH MRKR NEUTRAL GRAY 0,EA,4511338006757,USD,3
CMN2-S,Copic Sketch,CMN2-S,SKETCH MRKR NEUTRAL GRAY 2,EA,4511338006764,USD,3
CMN4-S,Copic Sketch,CMN4-S,SKETCH MRKR NEUTRAL GRAY 4,EA,4511338006771,USD,3
CMN6-S,Copic Sketch,CMN6-S,SKETCH MRKR NEUTRAL GRAY 6,EA,4511338006788,USD,3
CMN8-S,Copic Sketch,CMN8-S,SKETCH MRKR NEUTRAL GRAY 8,EA,4511338006795,USD,3
CMN10-S,Copic Sketch,CMN10-S,SKTCH MRKR NUTRL GRAY 10,EA,4511338006801,USD,3
CMT0-S,Copic Sketch,CMT0-S,SKETCH MRKR TONER GRAY 0,EA,4511338006818,USD,3
CMT1-S,Copic Sketch,CMT1-S,SKETCH MRKR TONER GRAY 1,EA,4511338006825,USD,3
CMT2-S,Copic Sketch,CMT2-S,SKETCH MRKR TONER GRAY 2,EA,4511338006832,USD,3
CMT3-S,Copic Sketch,CMT3-S,SKETCH MRKR TONER GRAY 3,EA,4511338006849,USD,3
CMT4-S,Copic Sketch,CMT4-S,SKETCH MRKR TONER GRAY,EA,4511338006856,USD,3
CMT5-S,Copic Sketch,CMT5-S,SKETCH MRKR TONER GRAY 5,EA,4511338006863,USD,3
CMT6-S,Copic Sketch,CMT6-S,SKETCH MRKR TONER GRAY 6,EA,4511338006870,USD,3
CMT7-S,Copic Sketch,CMT7-S,SKETCH MRKR TONER GRAY 7,EA,4511338006887,USD,3
CMT8-S,Copic Sketch,CMT8-S,SKETCH MRKR TONER GRAY 8,EA,4511338006894,USD,3
CMT9-S,Copic Sketch,CMT9-S,SKETCH MRKR TONER GRAY 9,EA,4511338006900,USD,3
CMT10-S,Copic Sketch,CMT10-S,SKETCH MRKR TONER GRAY 10,EA,4511338006917,USD,3
CMW0-S,Copic Sketch,CMW0-S,SKETCH MRKR WARM GRAY 0,EA,4511338006924,USD,3
CMW2-S,Copic Sketch,CMW2-S,SKETCH MRKR WARM GRAY 2,EA,4511338006931,USD,3
CMW4-S,Copic Sketch,CMW4-S,SKETCH MRKR WARM GRAY 4,EA,4511338006948,USD,3
CMW6-S,Copic Sketch,CMW6-S,SKETCH MRKR WARM GRAY 6,EA,4511338006955,USD,3
CMW8-S,Copic Sketch,CMW8-S,SKETCH MRKR WARM GRAY 8,EA,4511338006962,USD,3
CMW10-S,Copic Sketch,CMW10-S,SKETCH MRKR WARM GRAY 10,EA,4511338006979,USD,3
CMB04-S,Copic Sketch,CMB04-S,SKETCH MRKR TAHITIAN BLUE,EA,4511338006986,USD,3
CMB16-S,Copic Sketch,CMB16-S,SKETCH MRKR CYANINE BLUE,EA,4511338006993,USD,3
CMBG05-S,Copic Sketch,CMBG05-S,SKETCH MRKR HOLIDAY BLUE,EA,4511338007006,USD,3
CMBG34-S,Copic Sketch,CMBG34-S,SKETCH MRKR HORIZON GREEN,EA,4511338007013,USD,3
CMBG99-S,Copic Sketch,CMBG99-S,SKETCH MRKR FLAGSTONE BLUE,EA,4511338007020,USD,3
CME19-S,Copic Sketch,CME19-S,SKETCH MRKR REDWOOD,EA,4511338007037,USD,3
CME25-S,Copic Sketch,CME25-S,SKETCH MRKR CARIBE COCOA,EA,4511338007044,USD,3
CME27-S,Copic Sketch,CME27-S,SKETCH MRKR MILK CHOCOLATE,EA,4511338007051,USD,3
CME34-S,Copic Sketch,CME34-S,SKETCH MRKR TOAST,EA,4511338007068,USD,3
CME53-S,Copic Sketch,CME53-S,SKETCH MRKR RAW SILK,EA,4511338007075,USD,3
CME55-S,Copic Sketch,CME55-S,SKETCH MRKR LIGHT CARMEL,EA,4511338007082,USD,3
CME59-S,Copic Sketch,CME59-S,SKETCH MRKR WALNUT,EA,4511338007099,USD,3
CME77-S,Copic Sketch,CME77-S,SKETCH MRKR MAROON,EA,4511338007105,USD,3
CMG09-S,Copic Sketch,CMG09-S,SKETCH MRKR VERONESE GREEN,EA,4511338007112,USD,3
CMG19-S,Copic Sketch,CMG19-S,SKETCH MRKR BRT PARROT GRN,EA,4511338007129,USD,3
CMG20-S,Copic Sketch,CMG20-S,SKETCH MRKR WAX WHITE,EA,4511338007136,USD,3
CMG24-S,Copic Sketch,CMG24-S,SKETCH MRKR WILLOW,EA,4511338007143,USD,3
CMG40-S,Copic Sketch,CMG40-S,SKETCH MRKR DIM GREEN,EA,4511338007150,USD,3
CMG82-S,Copic Sketch,CMG82-S,SKETCH MRKR SPRING DIM GRN,EA,4511338007167,USD,3
CMR00-S,Copic Sketch,CMR00-S,SKETCH MRKR PINKISH WHITE,EA,4511338007174,USD,3
CMR05-S,Copic Sketch,CMR05-S,SKETCH MRKR SALMON RED,EA,4511338007181,USD,3
CMR11-S,Copic Sketch,CMR11-S,SKETCH MRKR PALE CHERRY PNK,EA,4511338007198,USD,3
CMR17-S,Copic Sketch,CMR17-S,SKETCH MRKR LIPSTICK ORANGE,EA,4511338007204,USD,3
CMR35-S,Copic Sketch,CMR35-S,SKETCH MRKR CORAL,EA,4511338007211,USD,3
CMRV02-S,Copic Sketch,CMRV02-S,SKETCH MRKR SUGAR ALMND PNK,EA,4511338007228,USD,3
CMRV10-S,Copic Sketch,CMRV10-S,SKETCH MRKR PALE PINK,EA,4511338007235,USD,3
CMRV13-S,Copic Sketch,CMRV13-S,SKETCH MRKR TENDER PINK,EA,4511338007242,USD,3
CMRV14-S,Copic Sketch,CMRV14-S,SKETCH MRKR BEGONIA PINK,EA,4511338007259,USD,3
CMRV17-S,Copic Sketch,CMRV17-S,SKETCH MRKR DEEP MAGENTA,EA,4511338007266,USD,3
CMRV25-S,Copic Sketch,CMRV25-S,SKETCH MRKR DOG ROSE FLOWER,EA,4511338007273,USD,3
CMRV32-S,Copic Sketch,CMRV32-S,SKETCH MRKR SHADOW PINK,EA,4511338007280,USD,3
CMY19-S,Copic Sketch,CMY19-S,SKETCH MRKR NAPOLI YELLOW,EA,4511338007297,USD,3
CMY23-S,Copic Sketch,CMY23-S,SKETCH MRKR YELLOWISH BEIGE,EA,4511338007303,USD,3
CMY38-S,Copic Sketch,CMY38-S,SKETCH MRKR HONEY,EA,4511338007310,USD,3
CMYG01-S,Copic Sketch,CMYG01-S,SKETCH MRKR GREEN BICE,EA,4511338007327,USD,3
CMYG05-S,Copic Sketch,CMYG05-S,SKETCH MRKR SALAD,EA,4511338007334,USD,3
CMYG09-S,Copic Sketch,CMYG09-S,SKETCH MRKR LETTUCE GREEN,EA,4511338007341,USD,3
CMYG21-S,Copic Sketch,CMYG21-S,SKETCH MRKR ANISE,EA,4511338007358,USD,3
CMYG23-S,Copic Sketch,CMYG23-S,SKETCH MRKR NEW LEAF,EA,4511338007365,USD,3
CMYG25-S,Copic Sketch,CMYG25-S,SKETCH MRKR CELADON GREEN,EA,4511338007372,USD,3
CMYG45-S,Copic Sketch,CMYG45-S,SKETCH MRKR COBALT GREEN,EA,4511338007389,USD,3
CMYG63-S,Copic Sketch,CMYG63-S,SKETCH MRKR PEA GREEN,EA,4511338007396,USD,3
CMYG97-S,Copic Sketch,CMYG97-S,SKETCH MRKR SPANISH OLIVE,EA,4511338007402,USD,3
CMYG99-S,Copic Sketch,CMYG99-S,SKETCH MRKR MARINE GREEN,EA,4511338007419,USD,3
CMYR16-S,Copic Sketch,CMYR16-S,SKETCH MRKR APRICOT,EA,4511338007426,USD,3
CMYR18-S,Copic Sketch,CMYR18-S,SKETCH MRKR SANGUINE,EA,4511338007433,USD,3
CMYR21-S,Copic Sketch,CMYR21-S,SKETCH MRKR CREAM,EA,4511338007440,USD,3
CMBV02-S,Copic Sketch,CMBV02-S,SKETCH MRKR PRUNE,EA,4511338008287,USD,3
CMBV11-S,Copic Sketch,CMBV11-S,SKETCH MRKR SOFT VIOLET,EA,4511338008294,USD,3
CMBV13-S,Copic Sketch,CMBV13-S,SKETCH MRKR HYDRANGEA BLUE,EA,4511338008300,USD,3
CMBV17-S,Copic Sketch,CMBV17-S,SKETCH MRKR DP REDISH BLUE,EA,4511338008317,USD,3
CMBV20-S,Copic Sketch,CMBV20-S,SKETCH MRKR DULL LAVENDER,EA,4511338008324,USD,3
CMBV25-S,Copic Sketch,CMBV25-S,SKETCH MRKR GRAYISH VIOLET,EA,4511338008331,USD,3
CMV01-S,Copic Sketch,CMV01-S,SKETCH MRKR HEATH,EA,4511338008348,USD,3
CMRV23-S,Copic Sketch,CMRV23-S,SKETCH MRKR PURE PINK,EA,4511338008355,USD,3
CMRV42-S,Copic Sketch,CMRV42-S,SKETCH MRKR SALMON PINK,EA,4511338008362,USD,3
CMR30-S,Copic Sketch,CMR30-S,SKETCH MRKR PALE YLLW PNK,EA,4511338008379,USD,3
CMR46-S,Copic Sketch,CMR46-S,SKETCH MRKR STRONG RED,EA,4511338008386,USD,3
CMYR20-S,Copic Sketch,CMYR20-S,SKETCH MRKR YELLOWISH SHADE,EA,4511338008393,USD,3
CMYR31-S,Copic Sketch,CMYR31-S,SKETCH MRKR LT REDDISH YELL,EA,4511338008409,USD,3
CMY04-S,Copic Sketch,CMY04-S,SKETCH MRKR ACACIA,EA,4511338008416,USD,3
CMY32-S,Copic Sketch,CMY32-S,SKETCH MRKR CASHMERE,EA,4511338008423,USD,3
CMY35-S,Copic Sketch,CMY35-S,SKETCH MRKR MAIZE,EA,4511338008430,USD,3
CMYG00-S,Copic Sketch,CMYG00-S,SKETCH MRKR MIMOSA YELLOW,EA,4511338008447,USD,3
CMYG06-S,Copic Sketch,CMYG06-S,SKETCH MRKR YELLOWISH GREEN,EA,4511338008454,USD,3
CMYG93-S,Copic Sketch,CMYG93-S,SKETCH MRKR GRAYISH YELLOW,EA,4511338008461,USD,3
CMG94-S,Copic Sketch,CMG94-S,SKETCH MRKR GRAYISH OLIVE,EA,4511338008478,USD,3
CMBG01-S,Copic Sketch,CMBG01-S,SKETCH MRKR AQUA BLUE,EA,4511338008485,USD,3
CMBG23-S,Copic Sketch,CMBG23-S,SKETCH MRKR CORAL SEA,EA,4511338008492,USD,3
CMBG93-S,Copic Sketch,CMBG93-S,SKETCH MRKR GREEN GRAY,EA,4511338008508,USD,3
CMB52-S,Copic Sketch,CMB52-S,SKETCH MRKR SFT GRNISH BLUE,EA,4511338008515,USD,3
CME01-S,Copic Sketch,CME01-S,SKETCH MRKR PINK FLAMINGO,EA,4511338008522,USD,3
CME08-S,Copic Sketch,CME08-S,SKETCH MRKR BROWN,EA,4511338008539,USD,3
CME47-S,Copic Sketch,CME47-S,SKETCH MRKR DARK BROWN,EA,4511338008546,USD,3
CME50-S,Copic Sketch,CME50-S,SKETCH MRKR EGG SHELL,EA,4511338008553,USD,3
CME74-S,Copic Sketch,CME74-S,SKETCH MRKR COCOA BROWN,EA,4511338008560,USD,3
CME93-S,Copic Sketch,CME93-S,SKETCH MRKR TEA ROSE,EA,4511338008577,USD,3
CME95-S,Copic Sketch,CME95-S,SKETCH MRKR TEA ORANGE,EA,4511338008584,USD,3
CME97-S,Copic Sketch,CME97-S,SKETCH MRKR DEEP ORANGE,EA,4511338008591,USD,3
CMFRV1-S,Copic Sketch,CMFRV1-S,SKETCH MRKR FLUOR PINK,EA,4511338008607,USD,3
CMFYR1-S,Copic Sketch,CMFYR1-S,SKETCH MRKR FLUOR ORANGE,EA,4511338008614,USD,3
CMFY1-S,Copic Sketch,CMFY1-S,SKETCH MRKR FLUOR YELLOW,EA,4511338008621,USD,3
CMFYG1-S,Copic Sketch,CMFYG1-S,SKETCH MRKR FLUOR YELLOW GREEN,EA,4511338008638,USD,3
CMB000-S,Copic Sketch,CMB000-S,SKETCH MRKR PALE PORCLN BLU,EA,4511338008751,USD,3
CMB28-S,Copic Sketch,CMB28-S,SKETCH MRKR ROYAL BLUE,EA,4511338008768,USD,3
CMB60-S,Copic Sketch,CMB60-S,SKETCH MRKR PALE BLUE GRAY,EA,4511338008775,USD,3
CMB63-S,Copic Sketch,CMB63-S,SKETCH MRKR LIGHT HYDRANGEA,EA,4511338008782,USD,3
CMB79-S,Copic Sketch,CMB79-S,SKETCH MRKR IRIS,EA,4511338008799,USD,3
CMB91-S,Copic Sketch,CMB91-S,SKETCH MRKR PALE GRYISH BLU,EA,4511338008805,USD,3
CMB93-S,Copic Sketch,CMB93-S,SKETCH MRKR LT CROCKERY BLU,EA,4511338008812,USD,3
CMB95-S,Copic Sketch,CMB95-S,SKETCH MRKR LT GRYISH COBAL,EA,4511338008829,USD,3
CMB97-S,Copic Sketch,CMB97-S,SKETCH MRKR NIGHT BLUE,EA,4511338008836,USD,3
CMB99-S,Copic Sketch,CMB99-S,SKETCH MRKR AGATE,EA,4511338008843,USD,3
CMBG07-S,Copic Sketch,CMBG07-S,SKETCH MRKR PETROLEUM BLUE,EA,4511338008850,USD,3
CMBG96-S,Copic Sketch,CMBG96-S,SKETCH MRKR BUSH,EA,4511338008867,USD,3
CMBV000-S,Copic Sketch,CMBV000-S,SKETCH MRKR IRID MAUVE,EA,4511338008874,USD,3
CMBV29-S,Copic Sketch,CMBV29-S,SKETCH MRKR SLATE,EA,4511338008881,USD,3
CME000-S,Copic Sketch,CME000-S,SKETCH MRKR PALE FRUIT PINK,EA,4511338008898,USD,3
CME71-S,Copic Sketch,CME71-S,SKETCH MRKR CHAMPAGNE,EA,4511338008904,USD,3
CME79-S,Copic Sketch,CME79-S,SKETCH MRKR CASHEW,EA,4511338008911,USD,3
CME99-S,Copic Sketch,CME99-S,SKETCH MRKR BAKED CLAY,EA,4511338008928,USD,3
CMR000-S,Copic Sketch,CMR000-S,SKETCH MRKR CHERRY WHITE,EA,4511338008935,USD,3
CMR12-S,Copic Sketch,CMR12-S,SKETCH MRKR LIGHT TEA ROSE,EA,4511338008942,USD,3
CMR14-S,Copic Sketch,CMR14-S,SKETCH MRKR LIGHT ROUGE,EA,4511338008959,USD,3
CMR22-S,Copic Sketch,CMR22-S,SKETCH MRKR LIGHT PRAWN,EA,4511338008966,USD,3
CMR43-S,Copic Sketch,CMR43-S,SKETCH MRKR BOUGAINVILLEA,EA,4511338008973,USD,3
CMV05-S,Copic Sketch,CMV05-S,SKETCH MRKR AZALEA,EA,4511338008980,USD,3
CMV91-S,Copic Sketch,CMV91-S,SKETCH MRKR PALE GRAPE,EA,4511338008997,USD,3
CMV95-S,Copic Sketch,CMV95-S,SKETCH MRKR LIGHT GRAPE,EA,4511338009000,USD,3
CMV99-S,Copic Sketch,CMV99-S,SKETCH MRKR AUBERGINE,EA,4511338009017,USD,3
CMY28-S,Copic Sketch,CMY28-S,SKETCH MRKR LIONET GOLD,EA,4511338009024,USD,3
CMYR000-S,Copic Sketch,CMYR000-S,SKETCH MRKR SILK,EA,4511338009031,USD,3
CMYR61-S,Copic Sketch,CMYR61-S,SKETCH MRKR SPRING ORANGE,EA,4511338009048,USD,3
CMYR65-S,Copic Sketch,CMYR65-S,SKETCH MRKR ATOLL,EA,4511338009055,USD,3
CMYR68-S,Copic Sketch,CMYR68-S,SKETCH MRKR ORANGE,EA,4511338009062,USD,3
CMFYG2-S,Copic Sketch,CMFYG2-S,SKETCH MRKR FLUOR GREEN,EA,4511338009079,USD,3
CMFBG2-S,Copic Sketch,CMFBG2-S,SKETCH MRKR FLUOR BLUE GREEN,EA,4511338009086,USD,3
CMFB2-S,Copic Sketch,CMFB2-S,SKETCH MRKR FLUOR BLUE,EA,4511338009093,USD,3
CMFV2-S,Copic Sketch,CMFV2-S,SKETCH MRKR FLO DULL VIOLET,EA,4511338009109,USD,3
CMBG000-S,Copic Sketch,CMBG000-S,SKETCH MRKR PALE AQUA,EA,4511338019092,USD,3
CMG000-S,Copic Sketch,CMG000-S,SKETCH MRKR PALE GREEN,EA,4511338019108,USD,3
CMR81-S,Copic Sketch,CMR81-S,SKETCH MRKR ROSE PINK,EA,4511338019115,USD,3
CMR85-S,Copic Sketch,CMR85-S,SKETCH MRKR ROSE RED,EA,4511338019122,USD,3
CMR89-S,Copic Sketch,CMR89-S,SKETCH MRKR DARK RED,EA,4511338019139,USD,3
CMRV000-S,Copic Sketch,CMRV000-S,SKETCH MRKR PALE PURPLE,EA,4511338019146,USD,3
CMRV69-S,Copic Sketch,CMRV69-S,SKETCH MRKR PEONY,EA,4511338019153,USD,3
CMRV91-S,Copic Sketch,CMRV91-S,SKETCH MRKR GARYISH CHERRY,EA,4511338019160,USD,3
CMRV95-S,Copic Sketch,CMRV95-S,SKETCH MRKR BABY BLOSSOMS,EA,4511338019177,USD,3
CMRV99-S,Copic Sketch,CMRV99-S,SKETCH MRKR ARGYLE PURPLE,EA,4511338019184,USD,3
CMV000-S,Copic Sketch,CMV000-S,SKETCH MRKR PALE HEATH,EA,4511338019191,USD,3
CMY000-S,Copic Sketch,CMY000-S,SKETCH MRKR PALE LEMON,EA,4511338019207,USD,3
CMV93-S,Copic Sketch,CMV93-S,SKETCH MRKR EARLY GRAPE,EA,4511338019788,USD,3
CMRV93-S,Copic Sketch,CMRV93-S,SKETCH MRKR SMOKEY PURPLE,EA,4511338019795,USD,3
CMR83-S,Copic Sketch,CMR83-S,SKETCH MRKR ROSE MIST,EA,4511338019801,USD,3
CMYR15-S,Copic Sketch,CMYR15-S,SKETCH MRKR PUMPKIN YELLOW,EA,4511338019818,USD,3
CMB69-S,Copic Sketch,CMB69-S,SKETCH MRKR STRATO BLUE,EA,4511338019825,USD,3
CMYR82-S,Copic Sketch,CMYR82-S,SKETCH MRKR MELLOW PEACH,EA,4511338019832,USD,3
CMY18-S,Copic Sketch,CMY18-S,SKETCH MRKR LIGHTNING YLLW,EA,4511338019849,USD,3
CMBG72-S,Copic Sketch,CMBG72-S,SKETCH MRKR ICE OCEAN,EA,4511338019856,USD,3
CMBG75-S,Copic Sketch,CMBG75-S,SKETCH MRKR ABYSS GREEN,EA,4511338019863,USD,3
CMBG78-S,Copic Sketch,CMBG78-S,SKETCH MRKR BRONZE,EA,4511338019887,USD,3
CME17-S,Copic Sketch,CME17-S,SKETCH MRKR REDDISH BRASS,EA,4511338019894,USD,3
CME18-S,Copic Sketch,CME18-S,SKETCH MRKR COPPER,EA,4511338019917,USD,3
CMYR01-S,Copic Sketch,CMYR01-S,SKETCH MRKR PCH PUFF,EA,4511338048924,USD,3
CMR01-S,Copic Sketch,CMR01-S,SKETCH MRKR PNK VNLLA,EA,4511338048931,USD,3
CME0000-S,Copic Sketch,CME0000-S,SKETCH MRKR FLR WHITE,EA,4511338048948,USD,3
CME30-S,Copic Sketch,CME30-S,SKETCH MRKR BISQUE,EA,4511338048955,USD,3
CME42-S,Copic Sketch,CME42-S,SKETCH MRKR SND WHT,EA,4511338048962,USD,3
CME70-S,Copic Sketch,CME70-S,SKETCH MRKR ASH ROSE,EA,4511338048979,USD,3
CMBV01-S,Copic Sketch,CMBV01-S,SKETCH MRKR VIOLA,EA,4511338048986,USD,3
CMRV00-S,Copic Sketch,CMRV00-S,SKETCH MRKR WTR LILIY,EA,4511338048993,USD,3
CMR21-S,Copic Sketch,CMR21-S,SKETCH MRKR SARDONYX,EA,4511338049006,USD,3
CMYR12-S,Copic Sketch,CMYR12-S,SKETCH MRKR LOQUAT,EA,4511338049013,USD,3
CMG03-S,Copic Sketch,CMG03-S,SKETCH MRKR MDW GREEN,EA,4511338049020,USD,3
CMB66-S,Copic Sketch,CMB66-S,SKETCH MRKR CLEMANTIS,EA,4511338049037,USD,3
CMBV0000-S,Copic Sketch,CMBV0000-S,SKETCH MRKR PALE THISTLE,EA,4511338050415,USD,3
CMV0000-S,Copic Sketch,CMV0000-S,SKETCH MRKR ROSE QUARTZ,EA,4511338050422,USD,3
CMRV0000-S,Copic Sketch,CMRV0000-S,SKETCH MRKR EVENING PRIMROSE,EA,4511338050439,USD,3
CMR0000-S,Copic Sketch,CMR0000-S,SKETCH MRKR PINK BERYL,EA,4511338050446,USD,3
CMYR0000-S,Copic Sketch,CMYR0000-S,SKETCH MRKR PALE CHIFFON,EA,4511338050453,USD,3
CMY0000-S,Copic Sketch,CMY0000-S,SKETCH MRKR YELLOW FLUORITE,EA,4511338050460,USD,3
CMYG0000-S,Copic Sketch,CMYG0000-S,SKETCH MRKR LILY WHITE,EA,4511338050477,USD,3
CMG0000-S,Copic Sketch,CMG0000-S,SKETCH MRKR CRYSTAL OPAL,EA,4511338050484,USD,3
CMBG0000-S,Copic Sketch,CMBG0000-S,SKETCH MRKR SNOW GREEN,EA,4511338050491,USD,3
CMB0000-S,Copic Sketch,CMB0000-S,SKETCH MRKR PALE CELESTINE,EA,4511338050507,USD,3
CMC00-S,Copic Sketch,CMC00-S,SKETCH MRKR COOL GRAY,EA,4511338050514,USD,3
CMW00-S,Copic Sketch,CMW00-S,SKETCH MRKR WARM GRAY,EA,4511338050521,USD,3
CMBG53-S,Copic Sketch,CMBG53-S,SKETCH MRKR ICE MINT,EA,4511338052068,USD,3
CMBG70-S,Copic Sketch,CMBG70-S,SKETCH MRKR OCEAN MIST,EA,4511338052075,USD,3
CME23-S,Copic Sketch,CME23-S,SKETCH MRKR HAZELNUT,EA,4511338052082,USD,3
CME81-S,Copic Sketch,CME81-S,SKETCH MRKR IVORY,EA,4511338052099,USD,3
CME87-S,Copic Sketch,CME87-S,SKETCH MRKR FIG,EA,4511338052105,USD,3
CMRV63-S,Copic Sketch,CMRV63-S,SKETCH MRKR BEGONIA,EA,4511338052112,USD,3
CMRV66-S,Copic Sketch,CMRV66-S,SKETCH MRKR RASPBERRY,EA,4511338052129,USD,3
CMV20-S,Copic Sketch,CMV20-S,SKETCH MRKR WISTERIA,EA,4511338052136,USD,3
CMV25-S,Copic Sketch,CMV25-S,SKETCH MRKR PALE BLACKBERRY,EA,4511338052143,USD,3
CMYG61-S,Copic Sketch,CMYG61-S,SKETCH MRKR PALE MOSS,EA,4511338052150,USD,3
CMYR30-S,Copic Sketch,CMYR30-S,SKETCH MRKR MACADAMIA NUT,EA,4511338052167,USD,3
CMRV55-S,Copic Sketch,CMRV55-S,SKETCH MRKR HOLLYHOCK,EA,4511338052174,USD,3
CMBG57-S,Copic Sketch,CMBG57-S,SKETCH MRKR BG57 JASPER,EA,4511338052921,USD,3
CMBG90-S,Copic Sketch,CMBG90-S,SKETCH MRKR BG90 GRAY SKY,EA,4511338052938,USD,3
CMBV34-S,Copic Sketch,CMBV34-S,SKETCH MRKR BV34 BLUEBELL,EA,4511338052945,USD,3
CME84-S,Copic Sketch,CME84-S,SKETCH MRKR E84 KHAKI,EA,4511338052952,USD,3
CME89-S,Copic Sketch,CME89-S,SKETCH MRKR E89 PECAN,EA,4511338052969,USD,3
CMG43-S,Copic Sketch,CMG43-S,SKETCH MRKR G43 PISTACHIO,EA,4511338052976,USD,3
CMG46-S,Copic Sketch,CMG46-S,SKETCH MRKR G46 MISTLETOE,EA,4511338052983,USD,3
CMR56-S,Copic Sketch,CMR56-S,SKETCH MRKR R56 CURRANT,EA,4511338052990,USD,3
CMRV52-S,Copic Sketch,CMRV52-S,SKETCH MRKR RV52 COTTON CANDY,EA,4511338053003,USD,3
CMV22-S,Copic Sketch,CMV22-S,SKETCH MRKR V22 ASH LAVENDER,EA,4511338053010,USD,3
CMV28-S,Copic Sketch,CMV28-S,SKETCH MRKR V28 EGGPLANT,EA,4511338053027,USD,3
CMYR27-S,Copic Sketch,CMYR27-S,SKETCH MRKR YR27 TUSCAN ORNG,EA,4511338053034,USD,3
CMSNGRAY,Copic Sketch Set,CMSNGRAY,SKETCH MKR GRAYS W/MLSP 6PC,EA,4511338052624,USD,1
CMSSEASKY,Copic Sketch Set,CMSSEASKY,SKETCH MRKR SEA & SKY 6PC SET,EA,4511338052631,USD,1
CMSSECONDARY,Copic Sketch Set,CMSSECONDARY,SKETCH MRKR SEC TONES 6PC,EA,4511338052655,USD,1
CMSPRIMARIES,Copic Sketch Set,CMSPRIMARIES,SKETCH MRKR PRFCT PRIMS 6PC SE,EA,4511338052679,USD,1
CMSPASTELS,Copic Sketch Set,CMSPASTELS,SKETCH MRKR PALE PSTLS 6PC SET,EA,4511338052686,USD,1
CMSFLORAL1,Copic Sketch Set,CMSFLORAL1,SKETCH MKR FLORL FAVS1 6PC SET,EA,4511338052761,USD,1
CMSFLORAL2,Copic Sketch Set,CMSFLORAL2,SKETCH MKR FLORL FAVS2 6PC SET,EA,4511338052778,USD,1
CMSEARTH,Copic Sketch Set,CMSEARTH,SKETCH MKR EARTH ESSEN 6PC SET,EA,4511338052785,USD,1
CMSBLENDING,Copic Sketch Set,CMSBLENDING,SKETCH MKR BLENDING W/MLSP 6PC,EA,4511338052792,USD,1
CMSCF1,Copic Sketch Set,CMSCF1,SKETCH MRKR FUSION 3PC #1,EA,4511338053522,USD,1
CMSCF2,Copic Sketch Set,CMSCF2,SKETCH MRKR FUSION 3PC #2,EA,4511338053539,USD,1
CMSCF3,Copic Sketch Set,CMSCF3,SKETCH MRKR FUSION 3PC #3,EA,4511338053546,USD,1
CMSCF4,Copic Sketch Set,CMSCF4,SKETCH MRKR FUSION 3PC #4,EA,4511338053553,USD,1
CMSCF5,Copic Sketch Set,CMSCF5,SKETCH MRKR FUSION 3PC #5,EA,4511338053560,USD,1
CMSCF6,Copic Sketch Set,CMSCF6,SKETCH MRKR FUSION 3PC #6,EA,4511338053577,USD,1
CMSBOLDPRI,Copic Sketch Set,CMSBOLDPRI,SKETCH MRKR BOLD PRIMS 6PC SET,EA,4511338059135,USD,1
CMSPORT1,Copic Sketch Set,CMSPORT1,SKETCH MRKR 6PC SET PORTRAIT,EA,4511338062944,USD,1
CMSCG12V2,Copic Sketch Set,CMSCG12V2,SKETCH MRKR 12PC CL GRY SET V2,EA,4511338063125,USD,1
CMSWG12V2,Copic Sketch Set,CMSWG12V2,SKETCH MRKR 12PC WM GRY SET V2,EA,4511338063132,USD,1
CMSB12V2,Copic Sketch Set,CMSB12V2,SKETCH MRKR 12PC BASIC SET V2,EA,4511338063149,USD,1
CMSB36V2,Copic Sketch Set,CMSB36V2,SKETCH MRKR 36PC BASIC SET V2,EA,4511338063156,USD,1
CMS72AV2,Copic Sketch Set,CMS72AV2,SKETCH MRKR 72PC SET A V2,EA,4511338063163,USD,1
CMS72BV2,Copic Sketch Set,CMS72BV2,SKETCH MRKR 72PC SET B V2,EA,4511338063170,USD,1
CMS72CV2,Copic Sketch Set,CMS72CV2,SKETCH MRKR 72PC SET C V2,EA,4511338063187,USD,1
CMS72DV2,Copic Sketch Set,CMS72DV2,SKETCH MRKR 72PC SET D V2,EA,4511338063194,USD,1
CMS72EV2,Copic Sketch Set,CMS72EV2,SKETCH MRKR 72PC SET E V2,EA,4511338063200,USD,1
CMSB24MV2,Copic Sketch Set,CMSB24MV2,SKETCH MRKR 24PC MANGA SET V2,EA,4511338063217,USD,1
CMMLSP003,MultiLiner,CMMLSP003,MULTILINER SP 0.03 PEN,EA,4511338041109,USD,12
CMMLSP005,MultiLiner,CMMLSP005,MULTILINER SP 0.05 PEN,EA,4511338041116,USD,12
CMMLSP01,MultiLiner,CMMLSP01,MULTILINER SP 0.1 PEN,EA,4511338041123,USD,12
CMMLSP02,MultiLiner,CMMLSP02,MULTILINER SP 0.2 PEN,EA,4511338041130,USD,12
CMMLSP025,MultiLiner,CMMLSP025,MULTILINER SP 0.25 PEN,EA,4511338041147,USD,12
CMMLSP03,MultiLiner,CMMLSP03,MULTILINER SP 0.3 PEN,EA,4511338041154,USD,12
CMMLSP035,MultiLiner,CMMLSP035,MULTILINER SP 0.35 PEN,EA,4511338041161,USD,12
CMMLSP05,MultiLiner,CMMLSP05,MULTILINER SP 0.5 PEN,EA,4511338041178,USD,12
CMMLSP07,MultiLiner,CMMLSP07,MULTILINER SP 0.7 PEN,EA,4511338041185,USD,12
CMMLSPBS,MultiLiner,CMMLSPBS,MULTILINER SP BRUSH PEN,EA,4511338041192,USD,6
CMREFLCA,MultiLiner Access,CMREFLCA,MULTILINER SP REFILL A,EA,4511338041406,USD,10
CMREFLCB,MultiLiner Access,CMREFLCB,MULTILINER SP REFILL B,EA,4511338041413,USD,10
CMSPCHGR,MultiLiner Access,CMSPCHGR,MULTI LINER SP NIB CHANGE,EA,4511338041826,USD,10
CMMLA2,Multiliner Set,CMMLA2,MULTILINER SET A-2,EA,4511338041444,USD,1
CMMLSP10A,Multiliner Set,CMMLSP10A,MULTILINER SP 10 SET A,EA,4511338041901,USD,1
CMMLB2,Multiliner Set,CMMLB2,MULTILINER SET B-2,EA,4511338041949,USD,1
CMMLAFINE,Multiliner Set,CMMLAFINE,MULTILINER FINE A 4PC SET,EA,4511338052693,USD,1
CMMLBBROAD,MultiLiner Set,CMMLBBROAD,MULTILINER BROAD B 4PC SET,EA,4511338052709,USD,1
CMMLGRAY,Multiliner Set,CMMLGRAY,MULTILINER GRAY 4PC SET,EA,4511338052716,USD,1
CMMLSEPIA,Multiliner Set,CMMLSEPIA,MULTILINER SEPIA 4PC SET,EA,4511338052723,USD,1
CMLLAV4SET,Multiliner Set,CMLLAV4SET,MULTILINER LAVENDER 4PC SET,EA,4511338054253,USD,1
CMMLBC2SET,Multiliner Set,CMMLBC2SET,MULTILINER BLK CALLIGP 2PC SET,EA,4511338055175,USD,1
CMF01DP,Pen,CMF01DP,DRAWING PEN F01,EA,4511338019948,USD,12
CMF02DP,Pen,CMF02DP,DRAWING PEN F02,EA,4511338041970,USD,12
CMF01SDP,Pen,CMF01SDP,DRAWING PEN SEPIA F01,EA,4511338041987,USD,12